瘤痢,瘤痢疙,老矫,乞闭扁柯(∑C),弥历扁柯(∑C),弥历扁柯 矫阿(hhmi),弥绊扁柯(∑C),弥绊扁柯 矫阿(hhmi),老碍荐樊(mm)
159,何魂,2015-01-01,-2.2,-4.9,730,1.2,1532,
159,何魂,2015-01-02,-1,-4.6,154,3.7,1438,
159,何魂,2015-01-03,1.8,-3.8,534,7.9,1513,
159,何魂,2015-01-04,7,2.1,552,13,1521,
159,何魂,2015-01-05,9.3,2.9,735,13.4,1507,.5
159,何魂,2015-01-06,7.6,1.8,2313,13.5,226,26
159,何魂,2015-01-07,1.4,-1.2,714,6.1,1422,
159,何魂,2015-01-08,.8,-3.6,720,6.2,1538,
159,何魂,2015-01-09,2.8,-.8,733,7.4,1446,
159,何魂,2015-01-10,4,-.3,604,8.8,1513,
159,何魂,2015-01-11,4.6,1,405,10.6,1522,
159,何魂,2015-01-12,3,-2,748,9.4,1501,
159,何魂,2015-01-13,6.1,1.5,539,11.8,1338,
159,何魂,2015-01-14,6.6,5.5,214,8.2,1337,5
159,何魂,2015-01-15,7.5,4.9,2400,11.4,1508,3.5
159,何魂,2015-01-16,6.2,3.5,436,10.8,1215,
159,何魂,2015-01-17,3.1,.6,730,8,1515,
159,何魂,2015-01-18,4.4,-.4,709,8.9,1332,
159,何魂,2015-01-19,6.1,2.6,2357,10.8,1456,
159,何魂,2015-01-20,5.1,-.2,634,10.4,1436,
159,何魂,2015-01-21,7.2,5.3,33,10.3,1257,3
159,何魂,2015-01-22,6.2,4.3,2357,8.6,1247,2.5
159,何魂,2015-01-23,5.5,1.6,712,10.4,1326,
159,何魂,2015-01-24,5.5,1.1,821,11.4,1518,
159,何魂,2015-01-25,8.6,4.3,252,12.3,1252,.1
159,何魂,2015-01-26,10.6,8.3,2354,13.9,1531,9.5
159,何魂,2015-01-27,5.3,1.5,2322,9.5,1430,
159,何魂,2015-01-28,2.9,-1,638,8.7,1428,
159,何魂,2015-01-29,5.1,2.2,10,8.1,1313,.5
159,何魂,2015-01-30,3.8,-.4,2400,8.4,1446,.1
159,何魂,2015-01-31,.7,-3.4,726,7.1,1444,
159,何魂,2015-02-01,3.2,-1.7,443,10,1318,
159,何魂,2015-02-02,5,.8,520,10.4,1231,
159,何魂,2015-02-03,6.7,2.1,721,11.5,1156,
159,何魂,2015-02-04,5.2,2.3,2353,9.9,1521,1
159,何魂,2015-02-05,3.7,.2,740,8.9,1346,
159,何魂,2015-02-06,4.2,-.7,705,10.6,1516,
159,何魂,2015-02-07,5.6,2.3,653,10.3,1415,
159,何魂,2015-02-08,.2,-5.2,2341,4.7,356,
159,何魂,2015-02-09,-2.2,-7.8,635,3,1543,
159,何魂,2015-02-10,4.4,-.9,643,9.1,1507,
159,何魂,2015-02-11,6.5,2.3,704,10.4,1421,
159,何魂,2015-02-12,5.2,.5,2359,9.8,1426,
159,何魂,2015-02-13,1.9,-2.8,704,8.5,1609,
159,何魂,2015-02-14,5.3,-.8,701,11.3,1450,
159,何魂,2015-02-15,7.8,5.1,656,10.5,1022,2.5
159,何魂,2015-02-16,6.7,6.1,2357,7.6,1,3.5
159,何魂,2015-02-17,6.5,3.4,2353,11.6,1405,
159,何魂,2015-02-18,4.6,1.9,604,9.4,1451,
159,何魂,2015-02-19,4.9,.7,710,11.5,1323,
159,何魂,2015-02-20,6.6,2.3,705,11.2,1122,
159,何魂,2015-02-21,9,5.5,4,10.5,1537,13
159,何魂,2015-02-22,11.1,6,2356,15.4,1526,4.5
159,何魂,2015-02-23,6.7,2.9,803,13.6,1535,
159,何魂,2015-02-24,7.8,3.9,754,13.9,1538,
159,何魂,2015-02-25,9.7,6.2,1,12.9,1236,
159,何魂,2015-02-26,8.8,2.5,2356,14.9,1420,
159,何魂,2015-02-27,2,-1.5,651,6.4,1420,
159,何魂,2015-02-28,5.3,2.9,109,7.9,1431,6
159,何魂,2015-03-01,5.1,2.2,339,9.6,1628,2.5
159,何魂,2015-03-02,5.2,.9,626,10.2,1206,
159,何魂,2015-03-03,5,2.8,2229,6.8,824,7.5
159,何魂,2015-03-04,3.2,-.4,726,7.7,1511,
159,何魂,2015-03-05,3.7,-2,633,9.5,1303,
159,何魂,2015-03-06,6.4,3.5,620,10.8,1120,
159,何魂,2015-03-07,7.9,3.9,704,12.8,1405,
159,何魂,2015-03-08,8.7,4.2,642,13,1051,
159,何魂,2015-03-09,8.8,-.2,2357,17,1433,0
159,何魂,2015-03-10,.7,-4.1,633,6.3,1720,
159,何魂,2015-03-11,4.2,-1.2,200,8.5,1354,
159,何魂,2015-03-12,6.1,1.1,646,10,1412,
159,何魂,2015-03-13,8.2,5.8,535,12,1300,11
159,何魂,2015-03-14,8.5,4.1,652,13.5,1257,
159,何魂,2015-03-15,10.5,6.5,544,15.3,1259,
159,何魂,2015-03-16,12.3,7.5,631,18.4,1343,
159,何魂,2015-03-17,14.6,9.7,646,19,1219,
159,何魂,2015-03-18,11.3,9.1,2225,14.7,438,45
159,何魂,2015-03-19,11.3,8.7,239,17.8,1343,2.5
159,何魂,2015-03-20,13.1,9.9,2,18.9,1229,
159,何魂,2015-03-21,15.5,10.8,1,20.9,1215,
159,何魂,2015-03-22,14.6,10.9,2354,20.4,1635,
159,何魂,2015-03-23,9.3,4.7,625,14.7,1538,
159,何魂,2015-03-24,7.9,3.3,614,12.4,1239,
159,何魂,2015-03-25,9.6,4.9,431,13.8,1424,
159,何魂,2015-03-26,11.2,7.3,507,15.6,1228,
159,何魂,2015-03-27,13.4,9.4,528,19.3,1215,
159,何魂,2015-03-28,14.1,9.2,607,18.7,1149,
159,何魂,2015-03-29,14.6,10.7,643,20.7,1218,
159,何魂,2015-03-30,15.4,11,615,20.1,1350,
159,何魂,2015-03-31,14.6,13,637,16.2,1129,8
159,何魂,2015-04-01,12.8,10.5,2028,16.3,514,.4
159,何魂,2015-04-02,13.5,10.6,204,17.4,2254,4.5
159,何魂,2015-04-03,16.1,11.7,2325,20.7,1325,31
159,何魂,2015-04-04,10.8,8.1,2115,15.1,1000,47
159,何魂,2015-04-05,10.7,8.4,1,12.6,1335,5
159,何魂,2015-04-06,11.3,10,1951,12.9,952,11.5
159,何魂,2015-04-07,9.8,8.8,1925,12.3,1541,
159,何魂,2015-04-08,8.7,6.7,2332,10.9,1029,
159,何魂,2015-04-09,10,5.9,506,14.5,1346,
159,何魂,2015-04-10,11.8,8.3,258,17.6,1332,
159,何魂,2015-04-11,12.5,7.8,544,17.6,1255,
159,何魂,2015-04-12,13.1,9.8,513,18.1,1231,1.5
159,何魂,2015-04-13,11.1,10,457,13.5,1042,14
159,何魂,2015-04-14,11.1,8.4,456,14.9,1307,12
159,何魂,2015-04-15,13.7,7.8,422,19.6,1504,
159,何魂,2015-04-16,14.6,9.9,2358,19,1435,.1
159,何魂,2015-04-17,13.5,8.2,457,19,1330,
159,何魂,2015-04-18,14.7,10.8,229,20.1,1408,8
159,何魂,2015-04-19,15.9,14,3,17.2,2117,87.5
159,何魂,2015-04-20,11.7,9.4,2309,15.2,1,8.5
159,何魂,2015-04-21,12.8,8.1,606,16.5,1521,
159,何魂,2015-04-22,17.2,12.4,143,21.9,1126,
159,何魂,2015-04-23,16.9,13.3,618,20.6,934,
159,何魂,2015-04-24,16.4,12.2,513,21.9,1117,
159,何魂,2015-04-25,17.4,15,2255,21.1,1438,
159,何魂,2015-04-26,17.7,14.1,57,22.6,1017,
159,何魂,2015-04-27,18.8,15,1,23.9,1112,
159,何魂,2015-04-28,18.4,15.1,449,23,1412,2
159,何魂,2015-04-29,15.7,14.7,1822,17.4,1,35
159,何魂,2015-04-30,17,14.1,253,20.3,1232,
159,何魂,2015-05-01,19.3,15.3,511,23.3,1005,
159,何魂,2015-05-02,19.8,15.8,524,23.9,1523,
159,何魂,2015-05-03,16.8,16,1118,18.9,129,42
159,何魂,2015-05-04,20,15.3,2357,25.5,1404,
159,何魂,2015-05-05,16,12.3,443,21,1300,
159,何魂,2015-05-06,16.4,13.9,138,19.1,955,
159,何魂,2015-05-07,19,14.8,427,22.5,1004,
159,何魂,2015-05-08,19.5,15.7,215,23.3,1013,
159,何魂,2015-05-09,18.3,15.9,457,21.9,1159,.2
159,何魂,2015-05-10,16.3,13.8,543,19.4,1046,
159,何魂,2015-05-11,16.6,13.6,455,20.6,1013,68.5
159,何魂,2015-05-12,16.1,13.9,734,18.6,1414,37.5
159,何魂,2015-05-13,19.3,15,132,22.6,1218,
159,何魂,2015-05-14,18.3,15.7,250,21.1,1505,
159,何魂,2015-05-15,17.5,15,2358,22.3,955,.5
159,何魂,2015-05-16,16,14.1,436,19,1138,.3
159,何魂,2015-05-17,19.1,14.6,512,24.1,1005,
159,何魂,2015-05-18,15.5,13.5,1153,18.6,937,30
159,何魂,2015-05-19,17.9,14,538,23.6,1047,
159,何魂,2015-05-20,18.2,14.3,2332,23.6,1252,
159,何魂,2015-05-21,19,14,59,23.5,1043,
159,何魂,2015-05-22,20.7,17.6,10,25.1,952,
159,何魂,2015-05-23,19.3,16.1,2351,22.7,1222,
159,何魂,2015-05-24,20,15.8,527,23.9,909,
159,何魂,2015-05-25,19.9,16.4,519,24.3,1556,
159,何魂,2015-05-26,22.4,16.8,200,30.2,1138,
159,何魂,2015-05-27,21.9,18.3,306,26.3,1454,
159,何魂,2015-05-28,21.3,18.3,629,26.5,1508,
159,何魂,2015-05-29,22.7,17.8,513,27.4,1215,
159,何魂,2015-05-30,19.6,17.7,2343,21.5,1151,4
159,何魂,2015-05-31,20.9,17.3,338,26.5,1238,
159,何魂,2015-06-01,21.1,16.9,517,25.2,1319,
159,何魂,2015-06-02,21,19.2,414,23.5,1431,.1
159,何魂,2015-06-03,21.3,18.3,2400,28,1048,
159,何魂,2015-06-04,21.8,17,353,28.1,1100,
159,何魂,2015-06-05,16.3,14,2400,20.7,50,7
159,何魂,2015-06-06,18.1,13.7,330,22.6,1035,
159,何魂,2015-06-07,19.8,16.2,355,24.2,1326,
159,何魂,2015-06-08,20.3,18,517,23,1441,2
159,何魂,2015-06-09,21.2,19.1,456,23.7,1442,
159,何魂,2015-06-10,23.2,18.8,46,27.8,1350,
159,何魂,2015-06-11,21.2,20.5,451,21.8,815,3
159,何魂,2015-06-12,21.1,18.6,2336,26.5,1029,
159,何魂,2015-06-13,20.3,17.9,456,23.6,1412,
159,何魂,2015-06-14,21.2,17.4,401,25.1,1419,
159,何魂,2015-06-15,21.1,20.4,1113,22.4,1607,1
159,何魂,2015-06-16,20.9,19.2,2353,23,1646,
159,何魂,2015-06-17,20.9,19.3,1,24,1217,
159,何魂,2015-06-18,22.4,19.8,58,25.6,1251,
159,何魂,2015-06-19,22.2,19.2,2343,27.1,1427,
159,何魂,2015-06-20,19.7,17.9,414,22.9,1130,.5
159,何魂,2015-06-21,20.6,18.5,1,23.8,1203,.1
159,何魂,2015-06-22,21.3,18.5,109,24.9,1627,
159,何魂,2015-06-23,22.5,19.2,514,26.3,913,
159,何魂,2015-06-24,22.6,19.9,50,26.3,1234,
159,何魂,2015-06-25,22.4,19.7,459,26.6,1101,17.5
159,何魂,2015-06-26,22.9,21,1,25.8,1519,14.5
159,何魂,2015-06-27,20.9,18.6,2357,23.5,1149,1
159,何魂,2015-06-28,20.4,17.7,334,24.1,1422,
159,何魂,2015-06-29,21.8,17.5,419,26.1,1409,
159,何魂,2015-06-30,20.8,19.2,2314,23.3,1015,22.5
159,何魂,2015-07-01,22.7,19.1,311,27,1558,.1
159,何魂,2015-07-02,22,19.8,522,26.5,939,
159,何魂,2015-07-03,23.3,19.9,342,27.2,1048,
159,何魂,2015-07-04,21.2,19.3,2355,23.6,1215,
159,何魂,2015-07-05,21.3,18.4,525,24.7,1312,
159,何魂,2015-07-06,21.3,18.6,429,24.6,1235,
159,何魂,2015-07-07,19.5,18.9,1532,20.3,1,34
159,何魂,2015-07-08,20.8,19.5,1,22.2,1610,37
159,何魂,2015-07-09,23.2,20.6,304,27.2,1245,5
159,何魂,2015-07-10,24,21.4,351,27.9,1437,
159,何魂,2015-07-11,24.1,21.2,419,27.7,1136,3.5
159,何魂,2015-07-12,23.6,22.9,1944,24.7,1410,28
159,何魂,2015-07-13,22.6,21.8,745,24.8,1553,
159,何魂,2015-07-14,23.5,21.5,2357,26.8,1210,
159,何魂,2015-07-15,24.8,21.4,2358,30.6,1051,
159,何魂,2015-07-16,21.6,19.7,2123,24.9,1306,
159,何魂,2015-07-17,20.4,19.1,2242,22.1,1345,.5
159,何魂,2015-07-18,22.3,19.3,1,25.1,1330,
159,何魂,2015-07-19,23.3,20.8,144,28.7,1038,.1
159,何魂,2015-07-20,23.6,22.5,2212,25.6,1203,12
159,何魂,2015-07-21,22.9,21.4,601,26.5,1349,2
159,何魂,2015-07-22,23.8,22,511,26.5,1352,8.5
159,何魂,2015-07-23,25.7,23.5,650,28.8,1219,39.5
159,何魂,2015-07-24,25.5,24.7,435,27.1,1351,4
159,何魂,2015-07-25,26.4,24.8,426,28.7,1530,
159,何魂,2015-07-26,27.6,23.4,531,30.4,1232,
159,何魂,2015-07-27,28.2,26.1,2022,31.9,1114,
159,何魂,2015-07-28,28.3,25.9,300,31.9,1557,
159,何魂,2015-07-29,27.7,25.7,617,31,1434,2.5
159,何魂,2015-07-30,27.8,25.9,538,31,1320,
159,何魂,2015-07-31,28.3,24.6,509,31.9,1159,
159,何魂,2015-08-01,27,24.8,621,30.7,1220,
159,何魂,2015-08-02,26.9,22.7,550,30.6,1326,
159,何魂,2015-08-03,27.4,24.9,2239,30.7,1435,
159,何魂,2015-08-04,27.4,24.9,257,31.3,1418,
159,何魂,2015-08-05,27.5,25.4,58,31.6,1128,
159,何魂,2015-08-06,27.9,24.7,541,30.9,1533,
159,何魂,2015-08-07,29.1,26.1,513,32.4,1134,
159,何魂,2015-08-08,28.8,26.6,2333,32.2,1301,
159,何魂,2015-08-09,28.9,26.1,529,31.7,1035,
159,何魂,2015-08-10,29.1,26.9,526,33.5,1308,
159,何魂,2015-08-11,27.4,21.6,2313,31.3,1130,4.5
159,何魂,2015-08-12,23.1,21.3,15,23.8,1337,11.5
159,何魂,2015-08-13,25.3,22.6,544,28.9,1031,
159,何魂,2015-08-14,25.9,23.3,516,29.3,1134,
159,何魂,2015-08-15,26.9,23.9,553,30.8,1101,
159,何魂,2015-08-16,26.5,23.3,2342,30.5,1159,2.5
159,何魂,2015-08-17,25.2,22.2,550,28.4,1631,1
159,何魂,2015-08-18,25.7,23.4,539,28.6,1145,
159,何魂,2015-08-19,26.3,24.1,313,29.7,1359,0
159,何魂,2015-08-20,25.6,24.1,2019,28.4,1315,1.5
159,何魂,2015-08-21,23,21.7,912,24.7,1807,76
159,何魂,2015-08-22,25.9,22.8,19,29.3,1639,
159,何魂,2015-08-23,26.3,23.8,627,29.8,1023,
159,何魂,2015-08-24,25.3,24.2,1851,26.6,1120,1.5
159,何魂,2015-08-25,22.5,20.5,2215,24.8,502,33.5
159,何魂,2015-08-26,22.9,20.5,412,25.7,1434,
159,何魂,2015-08-27,25.1,21.9,627,29.1,1246,
159,何魂,2015-08-28,25.3,22.7,608,29,1208,
159,何魂,2015-08-29,24.9,22.4,541,27.5,955,
159,何魂,2015-08-30,24.7,22.2,633,28.7,1317,
159,何魂,2015-08-31,24.9,22.7,2359,29.2,1136,.5
159,何魂,2015-09-01,23.9,21.2,535,27.7,1319,12
159,何魂,2015-09-02,24.6,22,546,27.1,1339,.5
159,何魂,2015-09-03,24.8,21.6,131,28.8,1213,6
159,何魂,2015-09-04,24.6,22.2,405,28.7,1126,
159,何魂,2015-09-05,23.1,20.1,2321,26.7,1306,7.5
159,何魂,2015-09-06,21.1,19.4,357,23.9,1053,15.5
159,何魂,2015-09-07,21.6,19.2,524,27,1354,
159,何魂,2015-09-08,21.9,18.3,606,26.3,1347,
159,何魂,2015-09-09,22.9,19.2,359,28,1503,
159,何魂,2015-09-10,22.5,19.1,632,27.5,1213,
159,何魂,2015-09-11,23.8,19.8,141,27.1,1006,0
159,何魂,2015-09-12,21.7,19.2,2359,23.8,1043,6
159,何魂,2015-09-13,21.3,17,554,26.9,1420,
159,何魂,2015-09-14,21.6,18.2,503,26.1,1401,
159,何魂,2015-09-15,21,18.3,2336,24.8,1125,
159,何魂,2015-09-16,20.2,17,2143,25.2,1428,18
159,何魂,2015-09-17,18.4,17.3,556,19.3,1506,64.5
159,何魂,2015-09-18,21.1,18.4,632,25.8,1305,
159,何魂,2015-09-19,20.9,18.1,342,25,1127,
159,何魂,2015-09-20,21.6,18.2,502,25.8,1048,
159,何魂,2015-09-21,22.5,19.2,627,26.7,1341,
159,何魂,2015-09-22,22.1,18.8,533,26.2,1113,
159,何魂,2015-09-23,20.7,19.2,437,22.5,1100,33.5
159,何魂,2015-09-24,20.7,19.4,558,23.2,1417,8.5
159,何魂,2015-09-25,22.1,19.9,539,25.5,1314,
159,何魂,2015-09-26,22.5,19.1,634,26.8,1252,
159,何魂,2015-09-27,22.3,19.1,619,26.5,1246,
159,何魂,2015-09-28,22.9,18.3,614,27.9,1349,
159,何魂,2015-09-29,22.4,19.4,2311,27,1117,
159,何魂,2015-09-30,20.7,18.8,123,22.5,1113,
159,何魂,2015-10-01,21.7,18.2,154,25.2,1658,57
159,何魂,2015-10-02,17.7,13,529,23.4,1531,
159,何魂,2015-10-03,20,15,618,25.1,1424,
159,何魂,2015-10-04,19.7,17.3,618,23.6,1129,
159,何魂,2015-10-05,19.4,16.9,517,24,1148,
159,何魂,2015-10-06,19.6,15.5,627,24.1,1400,
159,何魂,2015-10-07,20,16.1,542,24.6,1255,
159,何魂,2015-10-08,19.8,17,353,24.8,1537,
159,何魂,2015-10-09,19.7,16.3,2349,25,1403,
159,何魂,2015-10-10,17.9,13.8,626,22.5,1312,1
159,何魂,2015-10-11,16.7,13,637,20.1,1435,
159,何魂,2015-10-12,16.4,13.5,632,21,1502,
159,何魂,2015-10-13,17.3,11.8,631,22.6,1444,
159,何魂,2015-10-14,18.1,13.5,554,24.4,1254,
159,何魂,2015-10-15,18.8,15.6,250,23.6,1152,
159,何魂,2015-10-16,19.4,15.5,443,24.7,1148,
159,何魂,2015-10-17,19.4,16.5,625,24,1347,
159,何魂,2015-10-18,19.4,14.8,624,24.7,1318,
159,何魂,2015-10-19,19.5,16.4,150,24.5,1305,
159,何魂,2015-10-20,20.4,17,333,26.5,1144,
159,何魂,2015-10-21,20.1,16.9,632,24.8,1127,
159,何魂,2015-10-22,18.6,16.1,2358,21.8,1110,
159,何魂,2015-10-23,18.8,15.5,423,24.1,1237,
159,何魂,2015-10-24,19.8,15.7,422,25,1348,
159,何魂,2015-10-25,17.3,14.7,2324,21.5,1103,
159,何魂,2015-10-26,16.6,13.5,442,20.7,1109,
159,何魂,2015-10-27,17,12.2,2356,21.1,1525,4
159,何魂,2015-10-28,14.3,10.2,625,19,1433,
159,何魂,2015-10-29,15.3,11.5,230,20.2,1357,
159,何魂,2015-10-30,12.5,8.7,2356,17.1,1342,
159,何魂,2015-10-31,10.2,5.8,626,16.1,1359,
159,何魂,2015-11-01,11.3,8,416,14.1,1447,1
159,何魂,2015-11-02,12.9,8.3,701,18.3,1417,.3
159,何魂,2015-11-03,14.5,11.2,201,20.3,1212,
159,何魂,2015-11-04,15.7,10.7,646,22.4,1205,
159,何魂,2015-11-05,17.4,13.7,255,23.6,1322,
159,何魂,2015-11-06,17,14.3,2300,22.2,1229,1.5
159,何魂,2015-11-07,16,14,233,18.1,2353,55
159,何魂,2015-11-08,15.7,13.7,2256,19,334,32
159,何魂,2015-11-09,15.2,13.1,2356,19.5,1434,2.5
159,何魂,2015-11-10,13.9,11.8,445,17.5,1248,
159,何魂,2015-11-11,15.1,12.3,234,19.5,1335,.5
159,何魂,2015-11-12,17,14.6,158,20,1126,
159,何魂,2015-11-13,14.7,13.2,1014,16.3,3,19
159,何魂,2015-11-14,16.8,15,624,18.4,1448,
159,何魂,2015-11-15,16.9,14.6,654,21.6,1139,
159,何魂,2015-11-16,17,14.5,104,20.1,1045,6.5
159,何魂,2015-11-17,17,14.9,2346,18.7,216,
159,何魂,2015-11-18,13.4,11.8,2321,15.3,254,4.5
159,何魂,2015-11-19,13.3,11.4,338,16.3,1401,
159,何魂,2015-11-20,14.8,12.5,515,19.7,1412,.5
159,何魂,2015-11-21,14.5,11.4,452,19.1,1154,
159,何魂,2015-11-22,15.3,12.6,441,19.9,1231,
159,何魂,2015-11-23,15.3,13.5,2356,18.2,1128,.3
159,何魂,2015-11-24,12.5,9.3,2358,17.8,1139,
159,何魂,2015-11-25,8.6,7.3,2346,10.3,1108,.5
159,何魂,2015-11-26,4.4,1.9,2331,8.2,1344,
159,何魂,2015-11-27,4.6,1.1,641,9.4,1430,
159,何魂,2015-11-28,6.5,2.1,708,11.4,1319,
159,何魂,2015-11-29,9.3,6.2,223,14.2,1352,
159,何魂,2015-11-30,11.6,8.7,29,16,1120,0
159,何魂,2015-12-01,11.4,6.3,709,17.2,1207,
159,何魂,2015-12-02,12.6,9.3,530,16.9,1306,3
159,何魂,2015-12-03,6.4,3.5,2332,9.9,1328,
159,何魂,2015-12-04,6.1,3.3,127,10,1327,
159,何魂,2015-12-05,7.4,3.4,529,10.7,1203,
159,何魂,2015-12-06,7.8,6,700,10.6,1350,
159,何魂,2015-12-07,10,5.2,502,16.5,1306,
159,何魂,2015-12-08,11,7.3,728,17.3,1329,
159,何魂,2015-12-09,12.2,8.6,300,16,1201,
159,何魂,2015-12-10,12.9,11.2,415,13.9,1705,32.5
159,何魂,2015-12-11,9.7,6.4,2333,13.1,113,9.5
159,何魂,2015-12-12,9.4,6.1,45,14.7,1305,
159,何魂,2015-12-13,10.4,7.9,104,15.2,1252,
159,何魂,2015-12-14,10.7,8.8,106,12.3,1136,.5
159,何魂,2015-12-15,10,6.5,2359,13.7,1334,.5
159,何魂,2015-12-16,5.2,1,2211,10.1,1405,.5
159,何魂,2015-12-17,1,-1.4,706,4.7,1320,
159,何魂,2015-12-18,2.4,-2.5,735,7.6,1451,
159,何魂,2015-12-19,6.9,2.7,507,13.9,1403,
159,何魂,2015-12-20,8.4,6,1,11.5,1534,1
159,何魂,2015-12-21,9.4,6.6,236,14.8,1411,3.5
159,何魂,2015-12-22,10.4,4.6,724,16.4,1426,
159,何魂,2015-12-23,11.4,9.2,2354,15.2,1507,.5
159,何魂,2015-12-24,9.4,6.4,2355,14.2,1139,
159,何魂,2015-12-25,5.5,2.2,2345,9.8,1447,
159,何魂,2015-12-26,7.6,2,24,12.6,1417,
159,何魂,2015-12-27,5.8,1.3,2357,10.4,1353,
159,何魂,2015-12-28,1.2,-2,709,5.4,1437,
159,何魂,2015-12-29,2.7,-1.6,713,8.3,1504,
159,何魂,2015-12-30,4.7,0,702,11,1309,
159,何魂,2015-12-31,5.7,2.7,2348,10.5,1422,
159,何魂,2016-01-01,5.3,1.1,730,10.9,1421,
159,何魂,2016-01-02,8.1,4.6,301,12.2,1515,
159,何魂,2016-01-03,11.4,7.9,803,16.6,1306,
159,何魂,2016-01-04,10.4,7.6,626,15.2,1307,
159,何魂,2016-01-05,5.3,3.2,1314,8.1,1,.2
159,何魂,2016-01-06,4.8,1.8,737,9.9,1339,
159,何魂,2016-01-07,3.9,1.1,744,8.5,1438,
159,何魂,2016-01-08,2.5,-.5,750,6.9,1517,
159,何魂,2016-01-09,3.8,-.4,738,9.4,1415,
159,何魂,2016-01-10,4.8,.5,654,10.1,1437,
159,何魂,2016-01-11,4.5,1.7,2355,10.1,1425,
159,何魂,2016-01-12,2.5,-.9,745,7.9,1406,
159,何魂,2016-01-13,1.5,-2.2,644,6.9,1444,
159,何魂,2016-01-14,2.9,.2,447,8.3,1435,
159,何魂,2016-01-15,4.2,-.5,610,10.6,1515,
159,何魂,2016-01-16,5.7,2.3,331,10.4,1423,
159,何魂,2016-01-17,6.6,5.1,1,10.3,1323,14.2
159,何魂,2016-01-18,2.3,-4,2338,6.9,1227,
159,何魂,2016-01-19,-3.1,-5.4,744,.7,1442,
159,何魂,2016-01-20,-2.5,-6.6,543,2,1423,
159,何魂,2016-01-21,-.9,-3.5,632,3.3,1513,
159,何魂,2016-01-22,.8,-2.7,729,6.7,1444,
159,何魂,2016-01-23,-2.9,-8.5,2336,1.1,1344,0
159,何魂,2016-01-24,-7.6,-10.2,746,-4.2,1511,0
159,何魂,2016-01-25,-2.6,-8.2,53,2.4,1442,
159,何魂,2016-01-26,1.4,-3.9,737,7.3,1422,
159,何魂,2016-01-27,4.7,.7,101,9.2,1442,
159,何魂,2016-01-28,4.4,2.1,1849,6,1217,24.3
159,何魂,2016-01-29,4.6,3.5,1,5.3,1910,20.8
159,何魂,2016-01-30,6.1,4.5,2243,8.7,1547,
159,何魂,2016-01-31,3.8,1.4,910,7,1450,
159,何魂,2016-02-01,1.7,-1.2,2343,7.3,1445,
159,何魂,2016-02-02,1.2,-4,716,7.9,1512,
159,何魂,2016-02-03,1.9,-2.8,730,7.5,1538,
159,何魂,2016-02-04,3.2,-.8,725,7.3,1422,
159,何魂,2016-02-05,4.1,.3,729,10.1,1440,
159,何魂,2016-02-06,2.4,-.7,727,7,1413,
159,何魂,2016-02-07,3.3,-1.7,745,9.4,1358,
159,何魂,2016-02-08,4.5,-1.2,634,8.8,1506,
159,何魂,2016-02-09,6.4,3.4,720,11.9,1531,
159,何魂,2016-02-10,6.3,1.3,656,11.8,1452,
159,何魂,2016-02-11,9.2,4,402,14.7,1331,
159,何魂,2016-02-12,12.3,9.7,1,13.9,1748,32.7
159,何魂,2016-02-13,14.5,12.5,1,15.8,1711,28.9
159,何魂,2016-02-14,6.7,-.4,2347,15.2,7,
159,何魂,2016-02-15,-.4,-3.5,720,4.2,1447,
159,何魂,2016-02-16,2.2,-2.3,716,6.3,1503,
159,何魂,2016-02-17,3.9,-.6,708,9.6,1453,
159,何魂,2016-02-18,5.7,.3,621,9.9,1530,
159,何魂,2016-02-19,8.9,5.7,651,14.8,1338,
159,何魂,2016-02-20,7.8,3.8,2352,11.6,1433,1.4
159,何魂,2016-02-21,3.8,-.2,707,8.9,1511,
159,何魂,2016-02-22,6.6,3.1,50,10.4,1300,
159,何魂,2016-02-23,7.9,3.9,2359,12.8,1311,
159,何魂,2016-02-24,3,-.5,704,8.4,1352,
159,何魂,2016-02-25,3.1,-2.1,503,8.8,1519,
159,何魂,2016-02-26,6.1,1.3,400,10.6,1442,
159,何魂,2016-02-27,10.6,7.4,1,15.6,1511,
159,何魂,2016-02-28,10.1,6.5,520,15.2,1428,.7
159,何魂,2016-02-29,1.1,-2.5,2329,6.7,1,0
159,何魂,2016-03-01,1.4,-4.3,627,7.7,1431,
159,何魂,2016-03-02,6.3,.1,646,11.4,1313,
159,何魂,2016-03-03,11.4,5.9,310,17.2,1346,
159,何魂,2016-03-04,11.5,10.6,407,12.4,1042,35.7
159,何魂,2016-03-05,13.7,10.5,558,16.4,2107,1.6
159,何魂,2016-03-06,13.3,11.7,2358,17.1,1551,32.7
159,何魂,2016-03-07,11.4,7.8,654,16.2,1233,
159,何魂,2016-03-08,9.6,5.1,2250,13.4,1203,6.6
159,何魂,2016-03-09,6.9,2.6,535,13.4,1459,13.6
159,何魂,2016-03-10,5.6,2.1,2348,10.8,1538,
159,何魂,2016-03-11,3.5,-.8,550,10,1615,
159,何魂,2016-03-12,5.1,.7,659,10.3,1318,
159,何魂,2016-03-13,7.6,5.2,11,10.7,1121,
159,何魂,2016-03-14,7.7,4.1,701,14.3,1203,
159,何魂,2016-03-15,8.2,3.2,404,12.3,1101,
159,何魂,2016-03-16,11.2,7.3,644,16.2,1417,
159,何魂,2016-03-17,12.6,7.8,632,16.9,1028,
159,何魂,2016-03-18,12.7,11.5,218,13.4,2031,38.7
159,何魂,2016-03-19,13.3,10.4,2342,19.4,1224,
159,何魂,2016-03-20,10.6,8.6,2400,14.2,1431,
159,何魂,2016-03-21,10.2,7.3,328,14.8,1148,
159,何魂,2016-03-22,12.3,7.1,630,16.8,1412,
159,何魂,2016-03-23,11,8.2,2358,15.1,1144,0
159,何魂,2016-03-24,8.6,5.4,659,13.5,1230,0
159,何魂,2016-03-25,8.1,6.3,236,11.7,1250,0
159,何魂,2016-03-26,7.4,5.6,521,11.1,927,4.6
159,何魂,2016-03-27,9.5,4.3,522,16.2,1359,
159,何魂,2016-03-28,11.8,6.7,616,18.3,1330,
159,何魂,2016-03-29,13.3,10.1,251,16.3,1239,
159,何魂,2016-03-30,15,12.4,631,19.6,1133,
159,何魂,2016-03-31,14.8,11.1,632,19.3,1114,
159,何魂,2016-04-01,16.1,11,523,22,1230,
159,何魂,2016-04-02,15.1,11.4,609,18.8,1527,
159,何魂,2016-04-03,14.2,11.5,2057,18,1032,.9
159,何魂,2016-04-04,11.7,10.5,517,13.6,1603,3.8
159,何魂,2016-04-05,14.3,10.8,10,19.5,1329,
159,何魂,2016-04-06,14.8,11,2141,20.9,1124,18.2
159,何魂,2016-04-07,12.7,11.4,1,16.5,1542,47.4
159,何魂,2016-04-08,16.5,12.4,558,21.7,1156,
159,何魂,2016-04-09,17.2,13.1,625,22.6,1150,
159,何魂,2016-04-10,15.6,11.3,2328,18.9,1046,
159,何魂,2016-04-11,10.5,9.1,2308,14,1430,0
159,何魂,2016-04-12,12.5,8,405,15.9,1319,
159,何魂,2016-04-13,14.6,14,1408,16,746,14.8
159,何魂,2016-04-14,17.4,13.2,606,21.4,1105,
159,何魂,2016-04-15,14.6,11.5,2347,18.1,1225,
159,何魂,2016-04-16,15,10.5,203,19.2,1040,36.6
159,何魂,2016-04-17,16.5,13.4,2340,20.9,1510,8
159,何魂,2016-04-18,15.2,12.9,618,19.2,1321,
159,何魂,2016-04-19,14.9,12.5,514,19.9,1201,
159,何魂,2016-04-20,15.4,11.2,502,20.5,1322,
159,何魂,2016-04-21,15.5,14,705,18.4,1638,31.8
159,何魂,2016-04-22,16.9,13.7,353,22.9,1233,
159,何魂,2016-04-23,16.7,14.8,2324,18.9,1434,
159,何魂,2016-04-24,16.5,13.4,2245,21.8,1100,
159,何魂,2016-04-25,16.9,12.2,603,22.5,1214,
159,何魂,2016-04-26,17.5,12.2,547,24.2,1055,1.6
159,何魂,2016-04-27,12,11,1954,13.5,1319,32.1
159,何魂,2016-04-28,13.3,11.1,618,16.1,1410,3.3
159,何魂,2016-04-29,15.2,11.5,38,18.9,1128,0
159,何魂,2016-04-30,16.7,12.8,525,20.9,1331,
159,何魂,2016-05-01,18.5,14.4,618,22.7,1434,
159,何魂,2016-05-02,19.9,15.7,606,24.2,1408,
159,何魂,2016-05-03,16.4,14.4,2103,19.5,107,40.7
159,何魂,2016-05-04,19.8,14.1,121,26,1550,
159,何魂,2016-05-05,19,14.3,531,25,1115,
159,何魂,2016-05-06,17.3,15.9,739,19.2,144,4.7
159,何魂,2016-05-07,20,16.1,628,25.2,1518,
159,何魂,2016-05-08,19.2,16.2,608,23.1,1143,
159,何魂,2016-05-09,18.6,16.1,453,22.3,1438,0
159,何魂,2016-05-10,15.1,13.1,2027,17.2,355,22.3
159,何魂,2016-05-11,15.1,13.2,554,18.7,1429,
159,何魂,2016-05-12,18.3,13.7,320,23.5,1218,
159,何魂,2016-05-13,17.7,14.9,2338,21.7,1015,
159,何魂,2016-05-14,16.9,13.1,525,21.3,1228,
159,何魂,2016-05-15,19,14.2,231,23.1,1252,0
159,何魂,2016-05-16,15.6,11.5,853,20,139,14.5
159,何魂,2016-05-17,18.6,12.7,546,25.3,1241,
159,何魂,2016-05-18,20.2,14.7,538,26.8,1410,
159,何魂,2016-05-19,20.5,15.2,509,25.5,1337,
159,何魂,2016-05-20,20.7,16.8,2335,25.5,943,
159,何魂,2016-05-21,21,16.6,528,26,1316,
159,何魂,2016-05-22,20.9,17.1,538,26,1230,
159,何魂,2016-05-23,19.5,15.7,541,24.4,1411,
159,何魂,2016-05-24,19.3,18.5,2354,20.7,543,24.7
159,何魂,2016-05-25,19.9,16.4,455,23.8,1448,
159,何魂,2016-05-26,22.1,17.9,403,26,1430,0
159,何魂,2016-05-27,23,20.8,2342,26.7,1011,
159,何魂,2016-05-28,21,19.2,2356,24.1,1656,
159,何魂,2016-05-29,20,17.9,855,25.4,1359,1.9
159,何魂,2016-05-30,22.4,19.3,2,26.6,910,
159,何魂,2016-05-31,23.8,17.8,411,30.5,1334,
159,何魂,2016-06-01,20.7,17.3,2355,23.6,1514,
159,何魂,2016-06-02,19.8,15.7,514,24,1118,
159,何魂,2016-06-03,21.1,16.8,433,25.7,1000,
159,何魂,2016-06-04,19.7,16.6,2210,23.8,935,6.6
159,何魂,2016-06-05,20.6,17.1,1,25.1,1402,
159,何魂,2016-06-06,19.3,18.3,824,20.4,1653,3.1
159,何魂,2016-06-07,20.9,18.8,1,25.4,1443,
159,何魂,2016-06-08,20.4,18.8,450,22.2,1216,
159,何魂,2016-06-09,21.9,19.6,2,26.1,1441,
159,何魂,2016-06-10,22.3,20.1,2309,25.3,1102,
159,何魂,2016-06-11,23.1,20.1,52,26.6,1518,
159,何魂,2016-06-12,22.4,21.1,416,24.1,955,8.6
159,何魂,2016-06-13,21.9,20.4,2310,25.7,1322,
159,何魂,2016-06-14,21.1,20.1,601,24.2,1621,
159,何魂,2016-06-15,22.4,19.9,115,24.2,1136,0
159,何魂,2016-06-16,23.6,21.7,423,26.4,1254,1.5
159,何魂,2016-06-17,22.9,19.3,552,28.6,1227,
159,何魂,2016-06-18,22.4,19.1,532,25.5,1116,2.8
159,何魂,2016-06-19,23.9,21,2326,28.6,1257,9.1
159,何魂,2016-06-20,23.9,21.1,1,28.7,1138,10.2
159,何魂,2016-06-21,22.4,21.2,601,24.6,1357,3.1
159,何魂,2016-06-22,21.9,21.3,2340,23.3,1224,13.4
159,何魂,2016-06-23,23.5,20.6,516,26.6,1446,
159,何魂,2016-06-24,22.6,21.2,743,24.2,1707,53.7
159,何魂,2016-06-25,22.7,20.6,430,25.7,1427,
159,何魂,2016-06-26,23.3,19.6,526,28.6,1230,
159,何魂,2016-06-27,20.5,19.3,2356,23.4,1102,.2
159,何魂,2016-06-28,22.1,18.8,52,25.3,1146,0
159,何魂,2016-06-29,21.8,20.1,513,25.1,1310,2.9
159,何魂,2016-06-30,23.3,20.3,6,27.2,1441,
159,何魂,2016-07-01,23,22.2,355,24,1913,31.9
159,何魂,2016-07-02,23.1,21.7,2354,24.4,235,44.4
159,何魂,2016-07-03,22.1,20.2,2136,24.7,1143,15.4
159,何魂,2016-07-04,21,20.4,621,22.1,1500,63
159,何魂,2016-07-05,23.5,20,224,26.1,1245,1
159,何魂,2016-07-06,25,20.3,2259,29.2,1458,
159,何魂,2016-07-07,23.7,19.5,250,27.6,1517,.1
159,何魂,2016-07-08,24.9,23.1,132,30.4,1425,0
159,何魂,2016-07-09,25.6,22.6,538,29,1434,
159,何魂,2016-07-10,25.4,23.1,157,29.3,942,
159,何魂,2016-07-11,24.7,23.5,114,27,1016,14.7
159,何魂,2016-07-12,24,22.5,2239,25.2,1748,6.3
159,何魂,2016-07-13,25.9,22.7,448,29.5,1537,1.3
159,何魂,2016-07-14,26.2,22.8,2013,31.9,1318,.1
159,何魂,2016-07-15,24.4,22.2,2151,27.6,1549,
159,何魂,2016-07-16,23,22,1151,24.3,1807,9.8
159,何魂,2016-07-17,25.2,21.8,518,28.6,1116,
159,何魂,2016-07-18,24.4,22.4,530,28,1346,
159,何魂,2016-07-19,25.2,23.2,2147,28.4,1207,
159,何魂,2016-07-20,24.7,22.2,520,28.4,1233,
159,何魂,2016-07-21,24.4,21.6,421,27.9,1158,
159,何魂,2016-07-22,24.5,21.6,523,28.2,1310,
159,何魂,2016-07-23,25.3,22.2,436,29.5,1307,
159,何魂,2016-07-24,26.7,23.3,331,30.4,1316,
159,何魂,2016-07-25,27.5,26,440,31.2,1305,.8
159,何魂,2016-07-26,28.3,26.2,49,31.1,1140,
159,何魂,2016-07-27,28.7,26.3,421,32.2,1124,
159,何魂,2016-07-28,28.5,27.2,438,31.4,1028,
159,何魂,2016-07-29,28.7,26.1,232,31.9,1300,
159,何魂,2016-07-30,28.8,26.8,421,32.7,1102,
159,何魂,2016-07-31,29,26.3,543,32.1,1147,
159,何魂,2016-08-01,27.8,24.8,1726,31.8,1220,5
159,何魂,2016-08-02,27.3,25.2,2230,31.1,1022,.6
159,何魂,2016-08-03,27.3,24.9,245,31.1,1033,.4
159,何魂,2016-08-04,28.3,25.5,311,31.7,1458,
159,何魂,2016-08-05,28.1,25.4,522,32,1249,
159,何魂,2016-08-06,28.9,25.4,517,32.7,1107,
159,何魂,2016-08-07,29.5,26.5,548,33,1309,
159,何魂,2016-08-08,29.6,26.8,459,34.4,1236,
159,何魂,2016-08-09,28.9,26.2,2324,32.9,1142,
159,何魂,2016-08-10,29,25,516,32.2,1157,
159,何魂,2016-08-11,30.6,26.9,354,34.8,1121,
159,何魂,2016-08-12,31,27.9,344,34.5,1159,
159,何魂,2016-08-13,31.3,28.2,541,35.3,1412,
159,何魂,2016-08-14,31.7,28.3,317,37.3,1250,
159,何魂,2016-08-15,29.4,25.3,1746,36.6,1246,53.8
159,何魂,2016-08-16,28,25,628,30.9,1353,21.3
159,何魂,2016-08-17,28.5,25.3,519,32.3,1038,
159,何魂,2016-08-18,28.6,25.7,542,32.5,1317,
159,何魂,2016-08-19,28.6,25.6,605,32.7,1246,
159,何魂,2016-08-20,28.6,25.9,537,31.7,1210,
159,何魂,2016-08-21,29.1,25.9,311,33.3,1215,0
159,何魂,2016-08-22,28.9,26.3,516,32.5,1414,
159,何魂,2016-08-23,27.6,25.5,2351,31.2,1412,.9
159,何魂,2016-08-24,27.6,24.2,529,31.8,1112,
159,何魂,2016-08-25,28.6,24.9,531,33.4,1248,
159,何魂,2016-08-26,24.3,20.8,2028,27.9,736,0
159,何魂,2016-08-27,23.6,19.8,320,28.2,1353,1.7
159,何魂,2016-08-28,19,17.6,753,24,52,57.6
159,何魂,2016-08-29,21.3,17.5,541,25.7,1526,.2
159,何魂,2016-08-30,22.6,19.4,353,26,1123,
159,何魂,2016-08-31,25.3,21.5,221,29.8,1603,
159,何魂,2016-09-01,25.9,24,215,29.3,1300,
159,何魂,2016-09-02,21.2,19.7,1806,24.9,1,118
159,何魂,2016-09-03,24.4,22.2,4,27.9,1330,38.4
159,何魂,2016-09-04,25.6,23.2,441,28.4,1223,.1
159,何魂,2016-09-05,25.3,23.9,502,29.2,1416,0
159,何魂,2016-09-06,25.6,23.5,305,28.8,1211,0
159,何魂,2016-09-07,25.3,23.8,605,28.8,1014,0
159,何魂,2016-09-08,23.9,20.1,616,28.4,1142,1.3
159,何魂,2016-09-09,24.6,22.2,419,28.4,1319,
159,何魂,2016-09-10,23.8,22.3,607,27.7,1522,0
159,何魂,2016-09-11,24.2,21.1,426,28.3,1221,0
159,何魂,2016-09-12,21.3,20.4,2246,23.4,1,24.7
159,何魂,2016-09-13,23,19.7,558,27.4,1145,
159,何魂,2016-09-14,23.5,20.2,435,28.2,1219,
159,何魂,2016-09-15,24.1,21.1,619,27.7,1044,
159,何魂,2016-09-16,23.8,22.3,620,26,1242,0
159,何魂,2016-09-17,20.5,18.9,553,23.3,1,119.4
159,何魂,2016-09-18,21.4,20.6,745,23.1,1346,7.8
159,何魂,2016-09-19,20.5,19.6,1906,21.8,1521,0
159,何魂,2016-09-20,20.9,18.3,604,25.1,1517,
159,何魂,2016-09-21,21.1,17.7,630,25.6,1229,
159,何魂,2016-09-22,20.8,19.2,2338,24.6,1506,.2
159,何魂,2016-09-23,21.8,18.3,532,26.3,1211,
159,何魂,2016-09-24,22.6,19.3,607,26.8,1210,
159,何魂,2016-09-25,23,19.3,610,27.6,1308,
159,何魂,2016-09-26,24.2,22.1,154,27.3,1143,0
159,何魂,2016-09-27,25.3,22.7,633,29.7,1420,3.7
159,何魂,2016-09-28,22.9,20.9,2134,25.1,1032,61.8
159,何魂,2016-09-29,18.9,18.3,2249,20.9,1,2.3
159,何魂,2016-09-30,18.2,17.1,630,19.1,1455,30.2
159,何魂,2016-10-01,20,18,2,22,1301,1.4
159,何魂,2016-10-02,23.1,19.9,620,27.4,1223,0
159,何魂,2016-10-03,25.2,22.4,1,28.3,1001,
159,何魂,2016-10-04,23.6,21.4,558,27.5,1200,.1
159,何魂,2016-10-05,21.8,20,1145,26.4,1513,95
159,何魂,2016-10-06,22.3,19.1,644,26.4,1229,
159,何魂,2016-10-07,20.8,18.7,2144,23.8,1034,.2
159,何魂,2016-10-08,19.3,16.1,2359,22.6,1136,39.3
159,何魂,2016-10-09,16.2,13.1,638,22,1258,
159,何魂,2016-10-10,17.2,14.5,521,21.6,1128,
159,何魂,2016-10-11,17,15.5,120,19.8,1346,
159,何魂,2016-10-12,18.6,15,630,23.6,1348,
159,何魂,2016-10-13,18.5,16.7,2331,21.5,1159,
159,何魂,2016-10-14,18.8,14.9,602,24,1117,
159,何魂,2016-10-15,19.5,16.2,629,23.5,1245,
159,何魂,2016-10-16,17.9,17.5,1817,18.9,701,38.7
159,何魂,2016-10-17,20.8,17,614,25.9,1348,.1
159,何魂,2016-10-18,20.1,16.7,620,24.5,1209,
159,何魂,2016-10-19,19.6,17,411,24,1334,
159,何魂,2016-10-20,19.5,16.2,650,24.2,1231,
159,何魂,2016-10-21,17.4,16.4,2321,18.4,4,0
159,何魂,2016-10-22,18.3,15.8,536,22.3,1234,0
159,何魂,2016-10-23,16.4,14.1,2343,19,1402,0
159,何魂,2016-10-24,16.2,13.8,53,21.2,1256,
159,何魂,2016-10-25,18.5,15,1,21.7,1001,1.8
159,何魂,2016-10-26,18.2,15.2,259,22.8,1112,0
159,何魂,2016-10-27,17.6,15.5,617,20,849,
159,何魂,2016-10-28,15.6,15.1,408,17.3,141,5.8
159,何魂,2016-10-29,14.7,12.6,701,17.4,1322,
159,何魂,2016-10-30,12.9,9.8,717,19,1346,
159,何魂,2016-10-31,12.7,10.7,2336,15.1,1119,0
159,何魂,2016-11-01,8.5,5.5,2353,13.4,1419,
159,何魂,2016-11-02,8.2,3.1,644,14.1,1447,
159,何魂,2016-11-03,11.2,5.9,251,17.5,1326,
159,何魂,2016-11-04,14.1,10.1,214,19,1224,
159,何魂,2016-11-05,15.9,12.3,519,20.5,1350,
159,何魂,2016-11-06,14.3,12.9,2348,16.6,1220,.3
159,何魂,2016-11-07,14.3,12.6,256,18.5,1232,.1
159,何魂,2016-11-08,12.5,8.2,2353,15.9,1453,.7
159,何魂,2016-11-09,9.7,3.8,652,15.8,1355,
159,何魂,2016-11-10,11,9.7,350,14.3,1152,6.7
159,何魂,2016-11-11,12.8,8.2,511,17.8,1411,
159,何魂,2016-11-12,14.6,8.8,656,20.3,1251,
159,何魂,2016-11-13,15.8,12.9,333,18,1257,.2
159,何魂,2016-11-14,17,15.7,814,19.5,1241,7.6
159,何魂,2016-11-15,15.2,11.6,2400,19.9,1432,
159,何魂,2016-11-16,13.2,9.5,643,19,1131,
159,何魂,2016-11-17,13.3,9.2,554,18.6,1158,
159,何魂,2016-11-18,15.2,11.4,626,20.8,1243,29.1
159,何魂,2016-11-19,15.9,13.4,459,20.4,1427,.7
159,何魂,2016-11-20,15.8,14,2123,19.4,1408,
159,何魂,2016-11-21,14.9,13,615,18.8,1056,0
159,何魂,2016-11-22,11.1,6.2,2338,15.5,1017,
159,何魂,2016-11-23,8.3,5,632,14.5,1328,
159,何魂,2016-11-24,4.1,.1,700,9.5,1422,
159,何魂,2016-11-25,5.7,.9,530,11.7,1402,
159,何魂,2016-11-26,6.5,2.8,538,10.3,1332,1.5
159,何魂,2016-11-27,7.4,5.1,2355,10.8,1418,.3
159,何魂,2016-11-28,7,4.1,305,11.9,1432,
159,何魂,2016-11-29,8.6,3.1,707,14.8,1351,
159,何魂,2016-11-30,10.9,9.1,2356,14.8,1456,9.4
159,何魂,2016-12-01,9.3,4.4,2352,13.8,1345,
159,何魂,2016-12-02,7.5,3.1,450,12.1,1530,
159,何魂,2016-12-03,9.8,4.5,612,16.8,1252,
159,何魂,2016-12-04,10.5,8.3,34,13.1,1402,
159,何魂,2016-12-05,11.5,7.5,506,16.3,1412,
159,何魂,2016-12-06,6.5,3.7,722,10.5,1,
159,何魂,2016-12-07,6.2,.9,700,11.5,1317,
159,何魂,2016-12-08,8.4,3.8,720,12.8,1410,
159,何魂,2016-12-09,9.2,4.7,2358,13.7,1302,
159,何魂,2016-12-10,5.7,1.5,725,11.4,1424,
159,何魂,2016-12-11,6.3,.7,705,12.6,1411,
159,何魂,2016-12-12,9.6,5.7,502,15.2,1240,
159,何魂,2016-12-13,9.8,8.5,2347,11.6,1056,
159,何魂,2016-12-14,5.9,2.3,2400,11,1302,
159,何魂,2016-12-15,2.2,-1,2355,7,1418,
159,何魂,2016-12-16,1,-3.2,727,6.4,1341,
159,何魂,2016-12-17,5.4,-.7,251,11.4,1418,
159,何魂,2016-12-18,8.5,3.7,719,13.5,1441,
159,何魂,2016-12-19,10.7,7.7,628,13,1203,17.1
159,何魂,2016-12-20,12.4,9.8,740,17.1,1304,1.1
159,何魂,2016-12-21,13.5,10.2,300,16.9,1114,21.2
159,何魂,2016-12-22,11.9,7,2359,17.6,402,39.6
159,何魂,2016-12-23,4.7,1.5,2340,8,1458,
159,何魂,2016-12-24,4.4,-.2,708,10.1,1428,
159,何魂,2016-12-25,9,3.5,628,14.8,1437,
159,何魂,2016-12-26,8.8,6.4,2321,10,49,22.2
159,何魂,2016-12-27,4.3,-.2,2350,8.4,1441,2.6
159,何魂,2016-12-28,3.7,-2.3,739,10.5,1359,
159,何魂,2016-12-29,2.5,-.8,2332,7.8,1307,
159,何魂,2016-12-30,2.4,-2,757,8.6,1447,
159,何魂,2016-12-31,4.7,0,459,10.6,1406,
159,何魂,2017-01-01,6.5,2.2,725,12.6,1410,
159,何魂,2017-01-02,9.5,5.3,738,15.1,1417,
159,何魂,2017-01-03,7.9,3.8,730,14.2,1442,
159,何魂,2017-01-04,8.1,4.7,723,12.9,1338,
159,何魂,2017-01-05,7.8,6,2259,12.7,1143,.7
159,何魂,2017-01-06,7.5,5.1,538,12.8,1203,
159,何魂,2017-01-07,8.7,4.3,708,12.8,1221,0
159,何魂,2017-01-08,9.3,7.4,633,12.9,1551,4.6
159,何魂,2017-01-09,7.3,4.1,2341,11.3,1436,
159,何魂,2017-01-10,3.5,.8,735,7.7,1447,
159,何魂,2017-01-11,1.1,-2.3,735,4.9,1425,
159,何魂,2017-01-12,3.9,-.5,509,8.7,1438,
159,何魂,2017-01-13,1.5,-1.9,737,6.7,1258,0
159,何魂,2017-01-14,-2.4,-6,2358,2.5,1505,
159,何魂,2017-01-15,-1.5,-7.7,658,5.6,1434,
159,何魂,2017-01-16,1.4,-3.5,600,8.3,1506,
159,何魂,2017-01-17,4.4,-.3,730,9.8,1234,
159,何魂,2017-01-18,5.3,1.7,659,9.2,1516,
159,何魂,2017-01-19,4.9,.2,716,10.5,1314,
159,何魂,2017-01-20,2.1,-2.1,2354,5.9,1359,0
159,何魂,2017-01-21,0,-3.9,705,4.2,1415,
159,何魂,2017-01-22,.6,-4.1,2400,5.1,1411,
159,何魂,2017-01-23,-2.5,-6.3,714,2.9,1514,
159,何魂,2017-01-24,-1.1,-5.3,645,4.4,1459,
159,何魂,2017-01-25,1.2,-3.7,454,8.2,1457,
159,何魂,2017-01-26,3.8,-1.7,658,9.2,1414,
159,何魂,2017-01-27,7.2,2.6,2324,12.3,1429,
159,何魂,2017-01-28,6.5,.5,725,12.1,1300,
159,何魂,2017-01-29,8,6.6,1,9.3,1615,5.9
159,何魂,2017-01-30,3.3,-1.4,2337,8.2,1,.8
159,何魂,2017-01-31,3.1,-2.2,549,9,1557,
159,何魂,2017-02-01,2.3,-.6,431,8.5,1455,
159,何魂,2017-02-02,3.4,-2.5,725,10.1,1451,
159,何魂,2017-02-03,5.5,.2,720,12.5,1521,
159,何魂,2017-02-04,9.5,5.3,1,15.1,1336,.2
159,何魂,2017-02-05,7.3,4.3,2334,12,1356,4.9
159,何魂,2017-02-06,4,1.3,725,8.8,1554,
159,何魂,2017-02-07,4.4,-.3,648,10.1,1423,
159,何魂,2017-02-08,6.1,2.6,2356,9.8,1211,0
159,何魂,2017-02-09,1,-2.9,2354,5.7,1422,0
159,何魂,2017-02-10,-1.5,-4.7,558,3.1,1500,
159,何魂,2017-02-11,-.5,-5.7,656,5.9,1456,
159,何魂,2017-02-12,2.2,-2.5,300,8.3,1545,
159,何魂,2017-02-13,4.7,-.9,646,11,1452,0
159,何魂,2017-02-14,5.5,1.9,719,10.8,1349,0
159,何魂,2017-02-15,7.3,2.7,411,12.8,1355,
159,何魂,2017-02-16,11.7,6.5,58,15.9,1549,1.4
159,何魂,2017-02-17,12.1,5.3,2349,17.7,1415,2.4
159,何魂,2017-02-18,4,1.3,2359,8.7,1534,
159,何魂,2017-02-19,6.7,-1,655,13,2353,
159,何魂,2017-02-20,9.4,.5,2356,14.3,355,1.4
159,何魂,2017-02-21,5.2,-1,437,9.7,1412,
159,何魂,2017-02-22,8.2,6.1,45,10.5,1724,23.2
159,何魂,2017-02-23,5.4,.8,2359,10.3,1354,
159,何魂,2017-02-24,2.8,-1.6,737,8.5,1537,
159,何魂,2017-02-25,5.7,.4,311,12.3,1457,
159,何魂,2017-02-26,6.4,2.4,702,10.3,1145,
159,何魂,2017-02-27,7.5,4.2,645,12.2,1205,.3
159,何魂,2017-02-28,8.8,4.3,708,13.6,1213,
159,何魂,2017-03-01,9.3,6.2,445,13.8,1237,13.2
159,何魂,2017-03-02,6.6,2.6,2357,11.4,1511,1.6
159,何魂,2017-03-03,6.7,.5,647,12.4,1327,
159,何魂,2017-03-04,9.7,5.5,706,14.5,1146,
159,何魂,2017-03-05,10.2,7.1,419,15.5,1439,
159,何魂,2017-03-06,7.1,1.7,2357,11.4,1452,
159,何魂,2017-03-07,3.1,-1.1,701,9.8,1416,
159,何魂,2017-03-08,2.9,-2.3,431,9.5,1359,
159,何魂,2017-03-09,6.9,1.9,638,11.8,1542,
159,何魂,2017-03-10,8.6,3.3,652,15.4,1454,
159,何魂,2017-03-11,10.3,6.4,524,15.7,1211,
159,何魂,2017-03-12,11.3,6.3,505,16.6,1228,
159,何魂,2017-03-13,10.9,8.4,715,15.7,1108,
159,何魂,2017-03-14,8.7,5.2,2339,14.8,1413,0
159,何魂,2017-03-15,7.6,3.4,551,14,1252,
159,何魂,2017-03-16,9,5.2,505,12.8,1205,
159,何魂,2017-03-17,10.6,6.6,646,15.4,1406,
159,何魂,2017-03-18,11.3,8.4,34,16.9,1444,
159,何魂,2017-03-19,12.4,9,101,17.2,1239,
159,何魂,2017-03-20,10.7,8.1,442,14.5,1150,6.3
159,何魂,2017-03-21,9.2,6.1,2348,16.8,1401,2.5
159,何魂,2017-03-22,9.1,4.5,605,14.2,1403,
159,何魂,2017-03-23,11.6,9,2357,15.3,1523,
159,何魂,2017-03-24,9.9,7.8,635,12.9,1204,
159,何魂,2017-03-25,9.1,5.9,2348,12.8,1520,3.3
159,何魂,2017-03-26,6.9,4.5,2237,10.6,1350,3.9
159,何魂,2017-03-27,7.2,3.9,624,13.1,1355,2.8
159,何魂,2017-03-28,9.3,3.7,607,14.7,1313,
159,何魂,2017-03-29,9,6.2,518,11.6,1551,2.1
159,何魂,2017-03-30,12.5,7.7,451,18.1,1118,
159,何魂,2017-03-31,9.9,8.6,2356,11.4,112,0
159,何魂,2017-04-01,8.8,6.7,2305,12.3,1021,3
159,何魂,2017-04-02,9.3,5,639,15.2,1343,
159,何魂,2017-04-03,14.9,6.9,419,22.5,1444,
159,何魂,2017-04-04,16.1,11.8,545,21.5,1137,
159,何魂,2017-04-05,14.5,12.4,1011,15.3,1950,10.6
159,何魂,2017-04-06,14.7,13.7,2130,15.7,1002,26.6
159,何魂,2017-04-07,16,12.5,556,21.3,1305,
159,何魂,2017-04-08,16.1,11.6,538,20.2,1404,
159,何魂,2017-04-09,14.3,11.3,2357,17.7,1454,
159,何魂,2017-04-10,12.4,10.5,317,16.7,1333,0
159,何魂,2017-04-11,12.8,9.7,828,18.2,1701,15.5
159,何魂,2017-04-12,13.7,11.5,2335,17.7,1033,
159,何魂,2017-04-13,15,8.9,606,19.5,1257,
159,何魂,2017-04-14,15.9,11.8,620,19.3,1246,
159,何魂,2017-04-15,17.8,14.9,442,21.6,1438,0
159,何魂,2017-04-16,16.1,13.6,2359,21,934,
159,何魂,2017-04-17,15.7,13.1,113,17.8,1325,37.7
159,何魂,2017-04-18,15.2,11.6,525,19.1,1240,
159,何魂,2017-04-19,15.1,10.6,530,18.5,1657,
159,何魂,2017-04-20,15.3,13.8,422,18.2,1012,0
159,何魂,2017-04-21,15.5,12.2,533,20.9,1244,
159,何魂,2017-04-22,14,10.9,548,17.5,1103,0
159,何魂,2017-04-23,14.4,9.9,510,17.9,1156,
159,何魂,2017-04-24,16.1,10.9,529,20.5,1527,
159,何魂,2017-04-25,17.6,14.9,41,19.7,1239,2.3
159,何魂,2017-04-26,14.4,11.8,2306,17.8,27,9.4
159,何魂,2017-04-27,14.5,10.7,550,20.1,1352,
159,何魂,2017-04-28,15.6,10.9,550,19.3,1533,
159,何魂,2017-04-29,17.9,13.5,531,22.7,1156,
159,何魂,2017-04-30,19,14.9,325,23.2,1446,
159,何魂,2017-05-01,18.1,14.2,2315,22.9,1043,
159,何魂,2017-05-02,16.2,13,431,19.9,1036,
159,何魂,2017-05-03,17.4,12.8,604,23.3,1251,
159,何魂,2017-05-04,19,14.9,309,22.5,1254,.1
159,何魂,2017-05-05,19.1,17,724,23.6,1418,6.6
159,何魂,2017-05-06,19.9,17.1,605,25,1452,
159,何魂,2017-05-07,19.9,13.9,434,26.6,1639,
159,何魂,2017-05-08,19.9,17,619,25.8,1206,
159,何魂,2017-05-09,15.3,13.8,1224,20.3,400,20.6
159,何魂,2017-05-10,17.5,14.4,44,22.2,1526,.1
159,何魂,2017-05-11,18.3,15.5,148,23.9,1525,
159,何魂,2017-05-12,16.9,15.7,1836,18.4,1102,11.8
159,何魂,2017-05-13,18.1,14.3,543,20.9,1643,
159,何魂,2017-05-14,19,14.2,506,23.2,1416,
159,何魂,2017-05-15,17.7,13.5,540,21,1159,
159,何魂,2017-05-16,17.7,14.5,505,21.4,1351,
159,何魂,2017-05-17,17.7,15.2,435,21.6,1131,0
159,何魂,2017-05-18,19.2,14.7,434,25.9,1122,
159,何魂,2017-05-19,22.4,16.5,47,27.9,1118,
159,何魂,2017-05-20,21.9,18.1,2356,26.3,1245,
159,何魂,2017-05-21,21,17,230,25.8,1555,
159,何魂,2017-05-22,20.4,16,2256,25.8,1303,
159,何魂,2017-05-23,19.4,15.1,521,24.1,1342,
159,何魂,2017-05-24,19.4,17.7,2353,23.1,1350,
159,何魂,2017-05-25,21.2,16.3,2355,28.2,1135,
159,何魂,2017-05-26,17.1,13.2,528,21.1,1525,
159,何魂,2017-05-27,17.8,13.5,453,22.7,1518,
159,何魂,2017-05-28,19.7,15.7,508,24.1,1430,
159,何魂,2017-05-29,21,17.8,2346,26.1,1151,
159,何魂,2017-05-30,21.7,17.6,135,25.9,1311,
159,何魂,2017-05-31,20.4,17.3,302,25.4,1639,
159,何魂,2017-06-01,21.3,18.3,2345,24.8,1410,
159,何魂,2017-06-02,18.2,15.4,511,22.5,1335,
159,何魂,2017-06-03,19.7,16.2,103,25.4,1524,0
159,何魂,2017-06-04,20,15.8,537,25.2,1424,
159,何魂,2017-06-05,19.7,17,516,23.5,1252,
159,何魂,2017-06-06,18.7,16.8,214,21.7,1227,.5
159,何魂,2017-06-07,19.2,17.4,535,22.9,1541,18.3
159,何魂,2017-06-08,20.4,16.5,503,27.1,1341,
159,何魂,2017-06-09,22.5,18.1,25,27.3,1015,
159,何魂,2017-06-10,21.1,19.3,32,24.2,1232,
159,何魂,2017-06-11,20.4,17.8,2356,24.3,1318,0
159,何魂,2017-06-12,18.8,16.5,2229,22.4,1221,
159,何魂,2017-06-13,18.7,15.9,410,21.2,934,0
159,何魂,2017-06-14,20.9,16.9,513,24.1,1203,
159,何魂,2017-06-15,23.2,19.2,435,30.4,1203,
159,何魂,2017-06-16,20.8,18.2,2336,24.5,1027,
159,何魂,2017-06-17,20.3,17.4,446,23.3,1214,
159,何魂,2017-06-18,21.6,17.9,505,24.7,1035,
159,何魂,2017-06-19,22.3,19,542,26,921,
159,何魂,2017-06-20,21.4,18.4,2323,24.9,1154,9.4
159,何魂,2017-06-21,22,18.6,15,26.5,951,
159,何魂,2017-06-22,22.5,19.2,458,27.4,1020,
159,何魂,2017-06-23,23.4,20.3,310,28.3,1424,
159,何魂,2017-06-24,23,20.4,511,26.5,931,.1
159,何魂,2017-06-25,23,21.4,340,25.3,912,
159,何魂,2017-06-26,22.8,21.3,406,25.1,1121,0
159,何魂,2017-06-27,22.8,20.7,319,25.8,1356,
159,何魂,2017-06-28,23.6,20.6,519,27.8,1400,
159,何魂,2017-06-29,21.9,20.7,336,23.9,1250,21.1
159,何魂,2017-06-30,24.2,20.9,1,27.6,1535,.4
159,何魂,2017-07-01,25.3,23.1,219,28.4,1539,
159,何魂,2017-07-02,24.8,23.2,710,26.6,930,2.3
159,何魂,2017-07-03,25.3,23.9,313,27.4,1518,0
159,何魂,2017-07-04,24,21.9,650,27.9,1535,122.6
159,何魂,2017-07-05,23.6,21.2,450,26.4,1534,18.1
159,何魂,2017-07-06,24.1,21.9,2131,27,1405,1.5
159,何魂,2017-07-07,24.8,22.2,241,26.5,1520,1.5
159,何魂,2017-07-08,25.5,23.9,504,28.1,1219,1.8
159,何魂,2017-07-09,25.6,23.9,434,28.8,1340,.3
159,何魂,2017-07-10,24.9,23.9,2220,26.4,1236,7
159,何魂,2017-07-11,24.6,22.7,446,27,1042,1.5
159,何魂,2017-07-12,26.2,22.9,112,30.4,1316,
159,何魂,2017-07-13,25.3,22.4,143,28.4,1014,
159,何魂,2017-07-14,26.6,23.3,50,29.6,1607,
159,何魂,2017-07-15,26.9,24.8,433,30.1,1315,
159,何魂,2017-07-16,27.6,24.9,545,30.9,1335,
159,何魂,2017-07-17,27.2,24.4,2353,30.8,1235,.5
159,何魂,2017-07-18,26.2,23.6,136,29.5,1635,7.5
159,何魂,2017-07-19,27.5,25.3,2327,31.2,1021,
159,何魂,2017-07-20,26.6,24,450,29.5,1328,
159,何魂,2017-07-21,28.3,24.2,727,30.8,1329,
159,何魂,2017-07-22,27.9,24.4,2322,32.7,856,
159,何魂,2017-07-23,26.9,24.4,1,30.8,1257,
159,何魂,2017-07-24,27.4,24.2,15,31.1,1233,3.7
159,何魂,2017-07-25,25.8,24,653,29.4,1007,1.1
159,何魂,2017-07-26,26.2,23,2348,30.6,1359,
159,何魂,2017-07-27,25.5,22,535,29.5,1335,
159,何魂,2017-07-28,26.9,23,516,29.6,1327,
159,何魂,2017-07-29,25.9,24.6,2105,29.2,1230,
159,何魂,2017-07-30,26.8,24.2,411,30.1,1221,
159,何魂,2017-07-31,27.4,25.1,2352,30.6,1146,2.7
159,何魂,2017-08-01,27.4,24.8,357,31.5,1259,
159,何魂,2017-08-02,26.7,24.3,530,30.8,1352,
159,何魂,2017-08-03,27.9,23.9,500,31.8,1448,
159,何魂,2017-08-04,29.8,25.9,429,34,1225,
159,何魂,2017-08-05,30.7,27.3,514,35.3,1303,
159,何魂,2017-08-06,31.7,27.6,532,36.2,1420,
159,何魂,2017-08-07,29.8,27.3,2231,35,1042,0
159,何魂,2017-08-08,29.8,26.3,507,34.2,1411,0
159,何魂,2017-08-09,27.3,25.8,831,29.1,1523,14.6
159,何魂,2017-08-10,28.3,25.9,2346,33.1,1513,
159,何魂,2017-08-11,26.9,24.7,2349,30.7,940,0
159,何魂,2017-08-12,26.1,23.2,601,30.7,1143,
159,何魂,2017-08-13,25.3,22.9,502,29.3,1327,0
159,何魂,2017-08-14,23.6,21.9,2347,24.7,142,28.3
159,何魂,2017-08-15,25,21.9,1,27.7,1308,6.1
159,何魂,2017-08-16,25.9,24.6,2400,27.8,1032,4.7
159,何魂,2017-08-17,25.9,23.7,516,28.7,1342,
159,何魂,2017-08-18,25.9,24.1,535,29.2,1142,0
159,何魂,2017-08-19,26.2,24.1,454,28.9,1018,
159,何魂,2017-08-20,26.7,24.5,724,29.1,1423,.7
159,何魂,2017-08-21,27.5,26.2,200,29.5,925,.2
159,何魂,2017-08-22,26.7,25.5,1103,29.2,929,27.2
159,何魂,2017-08-23,28.7,26.1,1,31.7,1241,
159,何魂,2017-08-24,29.2,27.3,829,32.9,1248,.7
159,何魂,2017-08-25,27.1,25.3,2113,29.7,1423,0
159,何魂,2017-08-26,26,23.3,2354,30.1,1221,
159,何魂,2017-08-27,25.2,21.8,513,29.4,1142,
159,何魂,2017-08-28,26.1,21.7,611,29.5,1157,
159,何魂,2017-08-29,25.8,22.6,2346,28.9,829,
159,何魂,2017-08-30,23.8,21.1,2336,28.8,1333,
159,何魂,2017-08-31,23.5,18.7,627,28.5,1201,
159,何魂,2017-09-01,22.8,19.9,2339,28.5,1301,
159,何魂,2017-09-02,22.6,19,520,27.5,1138,
159,何魂,2017-09-03,23.2,19.4,520,27.8,1226,
159,何魂,2017-09-04,23.5,21.3,219,28,1424,
159,何魂,2017-09-05,23.8,21.9,416,26.4,1257,.6
159,何魂,2017-09-06,22.8,21.6,340,25.6,1341,33
159,何魂,2017-09-07,21.1,18.7,540,24.5,1704,11.8
159,何魂,2017-09-08,24.1,20,625,28.9,1407,
159,何魂,2017-09-09,24.6,20.8,611,29.7,1233,
159,何魂,2017-09-10,24.6,21.5,604,28.2,1253,
159,何魂,2017-09-11,22.9,21.3,2232,25.7,1342,264.1
159,何魂,2017-09-12,23.9,20.9,406,28.6,1310,
159,何魂,2017-09-13,23.2,19.6,633,27.8,1147,
159,何魂,2017-09-14,22.9,19.3,609,27.3,1234,
159,何魂,2017-09-15,22.2,21.2,13,24.3,1124,
159,何魂,2017-09-16,22.3,21,2056,24.4,1350,0
159,何魂,2017-09-17,21.7,19.9,2355,24.2,1426,7.2
159,何魂,2017-09-18,22.8,18.3,619,26.8,1229,
159,何魂,2017-09-19,23.3,19.2,648,26.7,1219,
159,何魂,2017-09-20,22.7,19.3,2327,26,1503,
159,何魂,2017-09-21,21.5,18,621,25.6,1056,
159,何魂,2017-09-22,22.2,19.2,328,26.6,1240,
159,何魂,2017-09-23,22.1,19.3,257,26.5,1500,
159,何魂,2017-09-24,22.7,18.5,627,27.6,1146,
159,何魂,2017-09-25,23.9,20.8,309,28.1,1128,
159,何魂,2017-09-26,23.2,20.6,559,27,1306,
159,何魂,2017-09-27,20.4,19.1,1217,22,208,18.3
159,何魂,2017-09-28,21.2,18.2,2358,25.3,1223,
159,何魂,2017-09-29,18.4,14.5,606,23.3,1233,
159,何魂,2017-09-30,20.2,15.2,613,25.6,1134,
159,何魂,2017-10-01,20.4,16.7,334,23.2,1330,5
159,何魂,2017-10-02,21.6,18.9,31,25.7,1449,104.6
159,何魂,2017-10-03,21,18.8,2333,25.3,1034,0
159,何魂,2017-10-04,19.2,17.4,230,23.5,1159,0
159,何魂,2017-10-05,18.6,16.8,2347,22.4,1117,1.5
159,何魂,2017-10-06,18.5,16.4,23,21.4,1520,9
159,何魂,2017-10-07,21.2,18.3,629,25.4,1047,
159,何魂,2017-10-08,22,18.2,620,26.4,1350,
159,何魂,2017-10-09,22.5,19.2,557,26.9,1146,
159,何魂,2017-10-10,23.4,20.1,555,28.7,1144,
159,何魂,2017-10-11,22.6,20.3,2351,26.2,1121,0
159,何魂,2017-10-12,16.7,13.6,1831,20.3,1,6.7
159,何魂,2017-10-13,16.9,12.7,650,22,1423,.1
159,何魂,2017-10-14,17.2,13.8,447,22,1437,
159,何魂,2017-10-15,16,13.7,734,17.3,1310,10.2
159,何魂,2017-10-16,17.5,16.2,2133,20.2,1224,0
159,何魂,2017-10-17,17.9,15.9,609,21.8,1325,
159,何魂,2017-10-18,17.4,16.4,2302,18.7,1149,0
159,何魂,2017-10-19,17.8,15.6,505,22.2,1258,
159,何魂,2017-10-20,18.3,15.6,456,22.8,1409,
159,何魂,2017-10-21,18.4,15.3,619,22.6,1221,
159,何魂,2017-10-22,18.3,15.6,2358,21.9,1256,
159,何魂,2017-10-23,15.3,13.3,2217,20.1,1254,
159,何魂,2017-10-24,14.2,11.6,2118,19.9,1118,1.2
159,何魂,2017-10-25,15,11,407,20.8,1238,
159,何魂,2017-10-26,16.1,11.3,609,21,1347,
159,何魂,2017-10-27,17.8,13.4,507,22.7,1209,
159,何魂,2017-10-28,18.1,15.8,451,20.7,1300,
159,何魂,2017-10-29,17.4,10.4,2353,23.7,1320,
159,何魂,2017-10-30,11.3,7.3,649,17.2,1355,
159,何魂,2017-10-31,13.6,7.6,619,19.4,1331,
159,何魂,2017-11-01,14.8,10.1,617,21.6,1339,
159,何魂,2017-11-02,16.4,12.2,646,21.5,1258,
159,何魂,2017-11-03,17.1,12.5,2358,23.2,1216,
159,何魂,2017-11-04,11,7,626,16.3,1315,
159,何魂,2017-11-05,11.9,6.9,606,18.1,1358,
159,何魂,2017-11-06,13.8,8.4,546,19.4,1353,
159,何魂,2017-11-07,16.1,11.8,655,19.7,1229,
159,何魂,2017-11-08,18.1,13.9,2354,23.6,1252,
159,何魂,2017-11-09,14.8,10.8,507,20.3,1152,
159,何魂,2017-11-10,16.4,11.5,451,21.1,1323,0
159,何魂,2017-11-11,10,6.5,707,15.2,1349,
159,何魂,2017-11-12,11.7,7.3,519,17.7,1357,
159,何魂,2017-11-13,13.3,9,226,18.2,1356,
159,何魂,2017-11-14,13.7,8.7,2355,18.4,1316,
159,何魂,2017-11-15,9.2,5.2,656,14.8,1307,
159,何魂,2017-11-16,7.1,3.2,628,12.3,1348,
159,何魂,2017-11-17,10.4,5.3,652,15.7,1354,.3
159,何魂,2017-11-18,7,.9,2347,11.6,1,0
159,何魂,2017-11-19,3.3,-1,644,7.3,1335,
159,何魂,2017-11-20,6,2.4,642,11.1,1346,
159,何魂,2017-11-21,8.5,4.3,708,12.8,1228,
159,何魂,2017-11-22,9.3,6.5,553,12.7,1351,
159,何魂,2017-11-23,5.6,2.7,2342,10.4,1153,
159,何魂,2017-11-24,5.8,1.9,144,11,1411,
159,何魂,2017-11-25,7.2,1.6,211,11.6,1356,
159,何魂,2017-11-26,12.2,8,2359,16.8,1427,
159,何魂,2017-11-27,12.3,7.7,49,17.3,1314,
159,何魂,2017-11-28,14.1,10.7,128,19.8,1245,
159,何魂,2017-11-29,12.8,10.4,2357,17.2,1214,
159,何魂,2017-11-30,7.3,1.7,2357,11.1,1414,
159,何魂,2017-12-01,2.4,-1.3,540,7.9,1334,
159,何魂,2017-12-02,5,.4,54,10.7,1255,
159,何魂,2017-12-03,7.9,3,553,14.5,1252,
159,何魂,2017-12-04,7,-.5,2354,11.6,1203,
159,何魂,2017-12-05,.4,-2.4,656,4.8,1443,
159,何魂,2017-12-06,3.8,-1.6,56,9.8,1404,
159,何魂,2017-12-07,6.9,3.4,8,11.6,1202,
159,何魂,2017-12-08,1.5,-1.2,725,5.6,1323,
159,何魂,2017-12-09,3.4,-1.9,620,8.5,1332,
159,何魂,2017-12-10,6.7,3.9,1,10.8,1439,.2
159,何魂,2017-12-11,1.2,-3.2,2359,5.7,1253,
159,何魂,2017-12-12,-2.7,-6.1,643,1.6,1501,
159,何魂,2017-12-13,-1.3,-5.8,710,4.5,1428,
159,何魂,2017-12-14,2.9,-3.4,401,9.8,1343,
159,何魂,2017-12-15,4.8,1,614,9.9,1428,
159,何魂,2017-12-16,1.9,-2.8,2351,5.4,1132,
159,何魂,2017-12-17,-1.4,-5.4,731,2.8,1431,
159,何魂,2017-12-18,2.6,-3.2,650,7.5,1402,
159,何魂,2017-12-19,3.5,-1,2355,7.6,1444,
159,何魂,2017-12-20,1.9,-2.9,435,8.2,1428,
159,何魂,2017-12-21,4.3,.8,441,9.8,1431,
159,何魂,2017-12-22,5.1,.4,627,10.6,1503,
159,何魂,2017-12-23,8,4,757,13.4,1405,
159,何魂,2017-12-24,8.8,4.2,2359,13.4,1051,10.4
159,何魂,2017-12-25,3.4,.1,2350,7.5,1414,
159,何魂,2017-12-26,3,-.7,203,8.9,1442,
159,何魂,2017-12-27,-.6,-4.5,713,3.7,1515,
159,何魂,2017-12-28,2,-1.5,200,6.2,1329,
159,何魂,2017-12-29,5.8,1.3,212,11.4,1450,
159,何魂,2017-12-30,6.9,2.6,410,12.6,1316,
159,何魂,2017-12-31,5.5,1.2,2359,9.3,1442,0
159,何魂,2018-01-01,2.7,-1.1,724,7.4,1434,
159,何魂,2018-01-02,4.1,-.3,636,9.4,1417,
159,何魂,2018-01-03,2.6,-.2,2340,6.9,1441,
159,何魂,2018-01-04,2.8,-1.7,710,7.7,1307,
159,何魂,2018-01-05,4.1,.7,2343,9.7,1443,.8
159,何魂,2018-01-06,3.1,-.8,718,8.5,1407,
159,何魂,2018-01-07,5.4,.4,650,9.4,1510,.1
159,何魂,2018-01-08,5.8,4.3,2347,7.4,1230,6.4
159,何魂,2018-01-09,1.9,.1,2155,4.7,1424,
159,何魂,2018-01-10,-.7,-4.8,2355,2.5,1320,.2
159,何魂,2018-01-11,-4.6,-7.4,739,0,1502,
159,何魂,2018-01-12,-4.8,-9.4,726,.1,1452,
159,何魂,2018-01-13,-.2,-5.7,220,5.6,1445,
159,何魂,2018-01-14,3.5,-1.1,525,9.1,1404,
159,何魂,2018-01-15,9.3,4.2,29,14,1409,.1
159,何魂,2018-01-16,8.8,5.5,2346,11,920,27.6
159,何魂,2018-01-17,6.4,5.4,7,8.3,1333,5.4
159,何魂,2018-01-18,7.2,4.1,526,11.6,1349,
159,何魂,2018-01-19,6,1.8,636,11.9,1322,
159,何魂,2018-01-20,5.2,.7,642,10.5,1427,
159,何魂,2018-01-21,6.5,2.1,716,11.5,1227,
159,何魂,2018-01-22,6.1,4.7,722,7.6,1608,.3
159,何魂,2018-01-23,-1.3,-5.4,2343,6.1,9,
159,何魂,2018-01-24,-6.7,-9.8,742,-2.2,1524,
159,何魂,2018-01-25,-5.1,-9.8,724,.2,1509,
159,何魂,2018-01-26,-5.4,-9.9,736,.3,1442,
159,何魂,2018-01-27,-1.4,-8.6,419,5.4,1405,
159,何魂,2018-01-28,1.4,-1,824,5.5,1442,
159,何魂,2018-01-29,-2.4,-6,739,2.4,1420,
159,何魂,2018-01-30,-2.1,-6.8,533,3,1449,
159,何魂,2018-01-31,1.9,-3.4,531,6.8,1405,
159,何魂,2018-02-01,3.3,-.6,719,9.4,1501,
159,何魂,2018-02-02,2.6,-.8,542,7.4,1404,
159,何魂,2018-02-03,-.2,-4.8,2348,4.3,1251,
159,何魂,2018-02-04,-4.7,-8,648,-.2,1423,
159,何魂,2018-02-05,-4.4,-8,557,1.5,1435,
159,何魂,2018-02-06,-5.1,-8.9,646,.5,1515,
159,何魂,2018-02-07,-3.5,-9.6,728,3.1,1514,
159,何魂,2018-02-08,.8,-4.5,733,6.8,1241,
159,何魂,2018-02-09,6.1,0,59,10.9,1257,.2
159,何魂,2018-02-10,6.4,1.1,2356,11.6,1446,
159,何魂,2018-02-11,-1.1,-4.6,719,3.5,1451,
159,何魂,2018-02-12,-.8,-4,729,3.5,1408,
159,何魂,2018-02-13,1.8,-2.6,721,6.7,1448,
159,何魂,2018-02-14,8.5,1.9,51,12.9,1513,
159,何魂,2018-02-15,7.8,5.1,2340,11.9,1239,
159,何魂,2018-02-16,6.6,3.6,611,11.6,1344,
159,何魂,2018-02-17,4.1,.2,707,9.5,1343,
159,何魂,2018-02-18,4.8,.1,707,9.9,1210,
159,何魂,2018-02-19,7,4.1,604,11.2,1357,
159,何魂,2018-02-20,8.3,3.2,639,13.8,1409,
159,何魂,2018-02-21,5.3,2.6,2314,9.8,1216,
159,何魂,2018-02-22,4.2,.2,714,8.9,1446,
159,何魂,2018-02-23,6.8,1.9,427,12.3,1408,
159,何魂,2018-02-24,8.6,5.5,714,14.7,1306,
159,何魂,2018-02-25,8.6,5.6,1,13.9,1230,0
159,何魂,2018-02-26,7.5,3.2,705,11.9,1224,
159,何魂,2018-02-27,9.2,4.2,431,14.7,1312,
159,何魂,2018-02-28,9.6,7.6,2354,12.3,2100,52.3
159,何魂,2018-03-01,7.4,2.7,2357,12,1210,
159,何魂,2018-03-02,4.9,-.7,623,9.8,1351,
159,何魂,2018-03-03,9.6,4.1,414,16.4,1435,
159,何魂,2018-03-04,13.2,10.2,1,15.4,1418,39.1
159,何魂,2018-03-05,6.5,3.4,2258,13.4,248,7.7
159,何魂,2018-03-06,6.4,3.1,38,11.4,1219,
159,何魂,2018-03-07,7.2,5,2355,9.7,1413,3.8
159,何魂,2018-03-08,4.9,4.2,2238,6.3,1358,23.5
159,何魂,2018-03-09,4.8,2.2,458,9.4,1157,
159,何魂,2018-03-10,7.6,3.4,639,11.2,1357,
159,何魂,2018-03-11,9.7,4.3,656,15.6,1322,
159,何魂,2018-03-12,11.2,6,627,15.8,1319,
159,何魂,2018-03-13,13.3,9.7,615,17.3,1517,
159,何魂,2018-03-14,15.3,12.4,52,19,1431,
159,何魂,2018-03-15,14.3,10.1,2358,15.6,150,62
159,何魂,2018-03-16,5.3,2.4,2143,10.3,1431,2.5
159,何魂,2018-03-17,6.6,2.3,425,10.8,1459,
159,何魂,2018-03-18,10.7,4.9,601,16.4,1346,5
159,何魂,2018-03-19,9.6,5.4,2321,12.8,953,37.1
159,何魂,2018-03-20,5.7,3,2352,8.5,1109,3.4
159,何魂,2018-03-21,2.9,1,608,4.4,1639,22
159,何魂,2018-03-22,6.8,2,520,14.3,1538,
159,何魂,2018-03-23,9.6,4.7,622,15.6,1152,
159,何魂,2018-03-24,12.4,6.6,647,18.5,1218,
159,何魂,2018-03-25,13.9,8.8,525,19.4,1307,
159,何魂,2018-03-26,15.5,12.1,618,21.4,1230,
159,何魂,2018-03-27,16,11.4,643,21.1,1209,
159,何魂,2018-03-28,15.6,11.5,453,19.4,1352,
159,何魂,2018-03-29,15.1,11.2,2349,22.3,1224,
159,何魂,2018-03-30,12.7,10.2,541,17.2,1208,
159,何魂,2018-03-31,14.1,9,614,18.3,1203,
159,何魂,2018-04-01,16.3,13.4,409,19.5,1105,
159,何魂,2018-04-02,17.9,15.3,521,21.3,1517,
159,何魂,2018-04-03,18.2,15.6,612,21.5,1407,
159,何魂,2018-04-04,11.1,8.5,1917,17.6,125,5.9
159,何魂,2018-04-05,10.5,8.8,1,12.1,1223,0
159,何魂,2018-04-06,10.7,6.6,2325,16.4,1423,21
159,何魂,2018-04-07,6.5,4.1,607,10.2,1504,
159,何魂,2018-04-08,8.8,3,615,11.9,2125,
159,何魂,2018-04-09,13.6,10.8,710,18.8,1245,
159,何魂,2018-04-10,14.9,9.6,319,18.3,1337,
159,何魂,2018-04-11,18.7,15.7,2332,22.2,1326,.2
159,何魂,2018-04-12,16.3,13,417,21.3,1155,
159,何魂,2018-04-13,13.7,11.6,530,17.4,944,
159,何魂,2018-04-14,12.5,11.1,759,16.4,1458,34.1
159,何魂,2018-04-15,13.9,9.5,630,19.6,1501,
159,何魂,2018-04-16,12.8,8.5,614,16.7,1026,
159,何魂,2018-04-17,13.9,11,452,17.8,1130,
159,何魂,2018-04-18,15.3,12.1,116,19.8,1211,
159,何魂,2018-04-19,15.8,11.4,608,19.3,1628,
159,何魂,2018-04-20,18.8,14.5,527,23.9,1427,
159,何魂,2018-04-21,18.9,13.8,509,23.3,1303,
159,何魂,2018-04-22,17.1,13.5,2346,22.4,1114,0
159,何魂,2018-04-23,11.8,11,2312,13.5,1,34.8
159,何魂,2018-04-24,12,10.6,2329,14.7,1317,60.4
159,何魂,2018-04-25,13.3,8,549,18.6,1448,
159,何魂,2018-04-26,14.5,9.3,534,18.1,1028,
159,何魂,2018-04-27,16,12.4,2353,24.3,1345,
159,何魂,2018-04-28,16.5,11.1,402,20.7,1622,
159,何魂,2018-04-29,17.1,14.5,537,21.1,1033,
159,何魂,2018-04-30,19,15.2,36,22.7,1415,
159,何魂,2018-05-01,18.3,16.1,633,22.6,1348,0
159,何魂,2018-05-02,15.2,13,2359,17.5,1,17
159,何魂,2018-05-03,14.2,11.2,542,19.7,1312,0
159,何魂,2018-05-04,14.8,10.2,528,18.5,1248,
159,何魂,2018-05-05,16.9,13.6,507,20.2,1416,
159,何魂,2018-05-06,16.2,14.8,2356,17.6,1652,42
159,何魂,2018-05-07,14.8,13.9,715,16.7,1551,30.7
159,何魂,2018-05-08,14.2,12.7,2340,15.6,1313,
159,何魂,2018-05-09,13.2,11.3,2121,16.7,1454,
159,何魂,2018-05-10,14.3,9.8,520,18.3,1306,
159,何魂,2018-05-11,17.1,12.7,551,21.3,1440,
159,何魂,2018-05-12,17.8,16.3,1,18.9,1322,2.6
159,何魂,2018-05-13,19.2,16.8,2347,23.3,1436,18.4
159,何魂,2018-05-14,20,16,113,23.1,1530,
159,何魂,2018-05-15,21.4,18.7,529,25.1,1135,
159,何魂,2018-05-16,20.7,19.6,1021,21.6,2316,3.8
159,何魂,2018-05-17,20.9,20,1048,21.6,42,6.6
159,何魂,2018-05-18,16.3,12.9,2332,20.9,217,1.9
159,何魂,2018-05-19,14.7,12.7,119,18.8,1110,
159,何魂,2018-05-20,15.4,12.3,311,19.6,1358,
159,何魂,2018-05-21,17.2,13.5,257,22.4,1215,
159,何魂,2018-05-22,18,14.1,452,22.4,1429,4.1
159,何魂,2018-05-23,18.1,15,2324,24.9,1349,27.6
159,何魂,2018-05-24,19.4,14.1,336,23.8,1553,
159,何魂,2018-05-25,21.1,18.4,450,26,1040,
159,何魂,2018-05-26,20.5,17.4,2337,26.6,1246,
159,何魂,2018-05-27,20.2,16.1,505,24.9,1252,
159,何魂,2018-05-28,19.5,17.7,2343,21.3,759,.6
159,何魂,2018-05-29,21,17.5,57,26.1,1127,
159,何魂,2018-05-30,21.9,18.6,227,26,1121,.5
159,何魂,2018-05-31,20.2,17.7,2353,24,1314,
159,何魂,2018-06-01,21.6,17.4,122,25.4,1014,
159,何魂,2018-06-02,22.9,19.4,34,28.2,934,
159,何魂,2018-06-03,21.3,18.4,318,25.1,1441,
159,何魂,2018-06-04,22.2,16.9,550,26.3,1219,
159,何魂,2018-06-05,19.7,18.7,2237,21.9,1,5.7
159,何魂,2018-06-06,21.6,18.3,432,26,954,
159,何魂,2018-06-07,21.8,18.8,547,25.5,908,
159,何魂,2018-06-08,22.8,20.6,51,27.8,1138,
159,何魂,2018-06-09,21.2,18.7,512,24.7,1320,
159,何魂,2018-06-10,19.3,17,2107,23.5,1159,5.2
159,何魂,2018-06-11,17.2,15.5,732,21.2,1558,32.9
159,何魂,2018-06-12,18.3,16.2,508,21.6,1251,
159,何魂,2018-06-13,19.6,17.4,457,23.1,1450,
159,何魂,2018-06-14,19.9,17.6,213,23.4,1257,
159,何魂,2018-06-15,19.3,17.1,437,23.6,1205,
159,何魂,2018-06-16,18.5,16.2,2353,22.9,1402,
159,何魂,2018-06-17,20.9,15.1,348,25.9,1428,
159,何魂,2018-06-18,22.8,19.8,500,26.2,1606,0
159,何魂,2018-06-19,21.6,19.8,235,26.4,1435,6.8
159,何魂,2018-06-20,22.8,19.4,534,27,1011,.5
159,何魂,2018-06-21,24.7,21,2327,30.3,1330,
159,何魂,2018-06-22,24,20.8,220,27.5,1615,
159,何魂,2018-06-23,23,20.8,818,26.7,1512,.9
159,何魂,2018-06-24,24.7,21.1,131,31.3,1150,
159,何魂,2018-06-25,23.3,20.8,447,26.5,1520,
159,何魂,2018-06-26,22.8,21,327,24.1,1647,1.5
159,何魂,2018-06-27,23.1,22.2,828,25.1,1517,6.7
159,何魂,2018-06-28,21.2,18.5,651,22.6,318,131.1
159,何魂,2018-06-29,22.2,21.2,25,24.3,1327,11
159,何魂,2018-06-30,21,19.8,1658,23,806,74.4
159,何魂,2018-07-01,24.5,19.8,1,28.5,1453,13.9
159,何魂,2018-07-02,25.4,22.9,349,29.4,1323,2.7
159,何魂,2018-07-03,22.7,22.1,1346,24.4,1,90.9
159,何魂,2018-07-04,25,22.2,22,29.5,1454,1.3
159,何魂,2018-07-05,22.9,21.7,2345,25.8,1529,5.3
159,何魂,2018-07-06,20.8,19.3,2306,21.7,1,2.9
159,何魂,2018-07-07,20,18.6,2333,22.7,1304,
159,何魂,2018-07-08,19.7,17.8,215,23.4,1403,0
159,何魂,2018-07-09,20,18.4,209,22.3,1618,4
159,何魂,2018-07-10,24,19.5,320,28.7,1317,
159,何魂,2018-07-11,26.6,22.6,6,30.3,1409,
159,何魂,2018-07-12,27.4,25.1,517,30.3,1238,
159,何魂,2018-07-13,27,24.8,2059,29.9,908,
159,何魂,2018-07-14,27.6,24.8,2120,31,948,
159,何魂,2018-07-15,27.2,23.6,242,30.6,1212,
159,何魂,2018-07-16,27.1,23.4,539,30.8,1410,
159,何魂,2018-07-17,27.6,24.7,358,30.8,1108,
159,何魂,2018-07-18,28.1,25.2,542,32.3,1055,
159,何魂,2018-07-19,29.1,25.7,323,32.2,1411,
159,何魂,2018-07-20,29.6,26,526,33.7,1120,
159,何魂,2018-07-21,29.2,26.8,458,32.6,1221,
159,何魂,2018-07-22,29.7,26.9,543,33.2,1632,
159,何魂,2018-07-23,29.5,27.5,515,33,1030,
159,何魂,2018-07-24,29.3,26.7,514,32.6,1059,
159,何魂,2018-07-25,29.6,26.5,509,33.1,1112,
159,何魂,2018-07-26,30.4,27.8,556,34,1150,
159,何魂,2018-07-27,29.8,27.5,555,33.3,1216,
159,何魂,2018-07-28,29.3,26.9,549,32.5,1216,
159,何魂,2018-07-29,29.3,25.5,2346,35.4,1341,1
159,何魂,2018-07-30,28.9,25.5,1,33.2,1150,.1
159,何魂,2018-07-31,29.8,26.3,520,33.9,1428,
159,何魂,2018-08-01,30.3,27.1,231,34.6,1249,
159,何魂,2018-08-02,30,27.1,513,33.6,1135,
159,何魂,2018-08-03,29.9,27.3,551,33.4,1344,
159,何魂,2018-08-04,30.1,27.2,526,33.8,1212,
159,何魂,2018-08-05,31.3,28.1,539,36.4,1243,
159,何魂,2018-08-06,29.9,28,2355,33.5,1147,0
159,何魂,2018-08-07,28.4,26.1,2347,32.2,1305,0
159,何魂,2018-08-08,27.9,24.9,527,31.7,1051,
159,何魂,2018-08-09,28.4,25.1,2211,32.8,1232,14.3
159,何魂,2018-08-10,26.7,25.9,36,28.2,805,0
159,何魂,2018-08-11,27.3,24.6,556,31.5,1310,.7
159,何魂,2018-08-12,28.8,26.3,620,32.7,1317,0
159,何魂,2018-08-13,30.9,27.3,509,34.9,1605,
159,何魂,2018-08-14,29.9,27.5,525,33.7,1130,
159,何魂,2018-08-15,28.6,25.6,2200,34,1109,23.8
159,何魂,2018-08-16,26.2,23.7,2333,28.1,904,1.7
159,何魂,2018-08-17,25.2,23.2,2310,28.8,1320,
159,何魂,2018-08-18,25,22.2,2351,28.9,1242,
159,何魂,2018-08-19,25.3,21.2,535,30,1107,
159,何魂,2018-08-20,26.2,22.6,548,29.7,1049,
159,何魂,2018-08-21,28.6,24.1,442,32.9,1323,
159,何魂,2018-08-22,29.8,27.5,353,32.6,1145,
159,何魂,2018-08-23,28,26.3,2205,30,1055,2.7
159,何魂,2018-08-24,26.7,25.1,511,30,1521,3.1
159,何魂,2018-08-25,25.7,24.6,1626,28,1125,2.4
159,何魂,2018-08-26,25.9,23.9,2217,29.1,1332,24.5
159,何魂,2018-08-27,26,23.9,1,27.1,1513,58.1
159,何魂,2018-08-28,27.1,25.5,2239,30.5,1405,
159,何魂,2018-08-29,27.3,24.7,505,30.2,1330,
159,何魂,2018-08-30,27.5,25.4,421,30.2,1241,.7
159,何魂,2018-08-31,26,23.7,2247,28,859,37.7
159,何魂,2018-09-01,21.6,19.3,506,24.6,1511,82.8
159,何魂,2018-09-02,22.8,20.9,634,26,1327,3.3
159,何魂,2018-09-03,24.7,22.4,1,26.6,1409,57.2
159,何魂,2018-09-04,25.1,21.6,739,30,1628,0
159,何魂,2018-09-05,24.3,19.7,452,28.1,1404,
159,何魂,2018-09-06,23.8,21.7,524,26.3,1422,0
159,何魂,2018-09-07,21.7,19.8,845,24,439,15.6
159,何魂,2018-09-08,21.3,19.2,632,23.9,1355,0
159,何魂,2018-09-09,22.3,20.6,2331,26.5,1444,
159,何魂,2018-09-10,21.5,19,536,26,1223,
159,何魂,2018-09-11,21.2,18.4,300,25.8,1211,
159,何魂,2018-09-12,23.2,19.7,1,28.1,1213,
159,何魂,2018-09-13,21.8,20.7,2053,23.2,1032,8.6
159,何魂,2018-09-14,21.8,20.5,724,23,1509,47.7
159,何魂,2018-09-15,22.6,20.8,706,25.1,1239,1.4
159,何魂,2018-09-16,24.9,22,131,28.1,1433,
159,何魂,2018-09-17,23.8,21.7,617,27.7,1520,
159,何魂,2018-09-18,24,21.7,254,28,1253,
159,何魂,2018-09-19,23.2,20.9,2356,26.2,1029,0
159,何魂,2018-09-20,20.6,20.1,410,21.6,1409,11.4
159,何魂,2018-09-21,20.7,19.3,2258,21.9,836,27.2
159,何魂,2018-09-22,22.4,19.1,441,27.5,1447,
159,何魂,2018-09-23,22.3,19.2,627,26.9,1242,
159,何魂,2018-09-24,19.6,16.8,2358,22,1137,
159,何魂,2018-09-25,19.8,14.9,443,25.5,1158,
159,何魂,2018-09-26,20,17.3,2352,24.2,1258,2.4
159,何魂,2018-09-27,19.6,17,53,23.8,1319,
159,何魂,2018-09-28,19.9,16.8,57,24.8,1323,0
159,何魂,2018-09-29,18,17.2,741,19.1,341,37.1
159,何魂,2018-09-30,19.6,15.9,2340,25.2,1428,13.7
159,何魂,2018-10-01,17.9,15.2,200,22.4,1413,
159,何魂,2018-10-02,17.3,14,629,22.3,1331,
159,何魂,2018-10-03,18.6,14.5,612,24.6,1353,
159,何魂,2018-10-04,20.1,16.4,143,25,1130,1.1
159,何魂,2018-10-05,19.5,18.1,712,20.3,1308,51.3
159,何魂,2018-10-06,21.6,19.2,2358,23.6,450,67.4
159,何魂,2018-10-07,20.8,18.2,438,25.6,1128,
159,何魂,2018-10-08,18.6,15.5,655,23.7,1158,
159,何魂,2018-10-09,18.1,15.5,659,21.1,1021,0
159,何魂,2018-10-10,17.1,12.6,2400,20.9,1346,0
159,何魂,2018-10-11,13.3,10.6,817,17.5,1245,
159,何魂,2018-10-12,13.9,9.5,637,18.5,1410,
159,何魂,2018-10-13,16.1,11.7,413,21.5,1108,
159,何魂,2018-10-14,17.1,12.8,610,22.1,1136,
159,何魂,2018-10-15,17.2,14.9,411,22.5,1244,
159,何魂,2018-10-16,16.1,13.9,502,20.2,1302,
159,何魂,2018-10-17,16.5,12.8,637,21.6,1138,
159,何魂,2018-10-18,15.9,12.1,617,20.8,1418,
159,何魂,2018-10-19,15.5,11.4,634,21.6,1257,
159,何魂,2018-10-20,15.5,10.8,640,21.4,1237,
159,何魂,2018-10-21,16.2,11.3,634,22.2,1138,
159,何魂,2018-10-22,17.1,13.1,551,22.8,1314,
159,何魂,2018-10-23,18,15.7,2355,22.7,1414,0
159,何魂,2018-10-24,15.7,12.5,650,21.9,1246,
159,何魂,2018-10-25,16.5,12.2,316,22.4,1201,
159,何魂,2018-10-26,15.9,13.6,245,19,1119,3.9
159,何魂,2018-10-27,13,9.6,2356,16,1051,
159,何魂,2018-10-28,13.8,8.1,556,18.3,1348,
159,何魂,2018-10-29,14.4,10.6,532,19.4,1358,0
159,何魂,2018-10-30,10.8,8,615,15.4,1426,
159,何魂,2018-10-31,11.6,7.9,609,16.5,1410,
159,何魂,2018-11-01,11.5,7.9,658,17.8,1237,
159,何魂,2018-11-02,13.3,8.2,635,19.6,1321,
159,何魂,2018-11-03,13.9,9.2,643,20.7,1133,
159,何魂,2018-11-04,15.3,11,32,22.5,1405,
159,何魂,2018-11-05,15.1,10.4,540,21.3,1119,
159,何魂,2018-11-06,16.4,12.2,548,22,1221,
159,何魂,2018-11-07,16.9,14.7,322,20.1,1308,
159,何魂,2018-11-08,16.8,15.2,2355,18.8,1523,101.2
159,何魂,2018-11-09,14.3,11.8,2127,17.9,1408,
159,何魂,2018-11-10,14.2,10.6,327,19.6,1243,
159,何魂,2018-11-11,14.4,10.2,634,20.6,1219,1
159,何魂,2018-11-12,12.6,11,348,15.2,1210,2.8
159,何魂,2018-11-13,12.8,10.3,2354,18.4,1122,0
159,何魂,2018-11-14,12.7,9,701,19.1,1338,
159,何魂,2018-11-15,13.3,8.9,708,18.8,1301,
159,何魂,2018-11-16,12.7,10.5,400,16.5,1150,0
159,何魂,2018-11-17,12.4,9.7,652,18.1,1238,
159,何魂,2018-11-18,10.3,9.1,420,12.9,1231,
159,何魂,2018-11-19,11.1,7.6,629,17.2,1343,
159,何魂,2018-11-20,10.2,6.6,709,15.3,1226,
159,何魂,2018-11-21,10.9,7.9,647,13.5,1229,
159,何魂,2018-11-22,7.5,4.2,2354,12.3,1351,
159,何魂,2018-11-23,6.1,2.7,703,11.9,1346,
159,何魂,2018-11-24,7.7,3.2,629,12.5,1129,2.3
159,何魂,2018-11-25,9.7,6.2,705,14.8,1223,
159,何魂,2018-11-26,11.1,5.8,659,16.8,1416,
159,何魂,2018-11-27,14,10.6,30,19.9,1359,
159,何魂,2018-11-28,11.6,7.9,2336,17.8,1320,
159,何魂,2018-11-29,10.4,6,504,15.9,1341,
159,何魂,2018-11-30,11.4,7.4,734,16.4,1252,
159,何魂,2018-12-01,10.4,7.8,650,14.2,1326,
159,何魂,2018-12-02,14.1,9.5,609,18.8,1230,0
159,何魂,2018-12-03,16.8,14.5,24,18.8,1441,17.2
159,何魂,2018-12-04,14.6,10.3,2357,16.8,859,27.9
159,何魂,2018-12-05,9.7,4.8,747,14.9,1336,
159,何魂,2018-12-06,7.3,5.1,2247,9.8,312,3.1
159,何魂,2018-12-07,.5,-3.2,2325,5.2,1,
159,何魂,2018-12-08,-1.9,-5.4,650,3,1426,
159,何魂,2018-12-09,-.5,-4.1,725,4.9,1424,
159,何魂,2018-12-10,4,-2.4,529,10.7,1410,
159,何魂,2018-12-11,5.8,3,2354,8.3,1442,2.8
159,何魂,2018-12-12,2.9,.5,2200,7.2,1451,
159,何魂,2018-12-13,3.2,-1.5,438,8.1,1453,
159,何魂,2018-12-14,1.2,-2.2,723,6.2,1529,
159,何魂,2018-12-15,4,-1.5,514,10.4,1505,
159,何魂,2018-12-16,4.7,3.3,1217,8.7,1015,4.4
159,何魂,2018-12-17,5.9,3.1,18,9.4,1304,
159,何魂,2018-12-18,5.6,1.8,718,9.7,1517,
159,何魂,2018-12-19,9.6,5.2,23,13.7,1359,
159,何魂,2018-12-20,10.3,8.3,2256,12.2,1326,
159,何魂,2018-12-21,11.9,8,640,17.2,1217,
159,何魂,2018-12-22,12.5,9.4,335,17.6,1412,0
159,何魂,2018-12-23,8.8,3.9,2355,13.3,1408,3.6
159,何魂,2018-12-24,3.9,.9,724,8.2,1501,
159,何魂,2018-12-25,5,.2,523,9.9,1355,
159,何魂,2018-12-26,6.9,3.8,2346,11,1443,0
159,何魂,2018-12-27,.5,-4.7,2358,4.9,1209,
159,何魂,2018-12-28,-3.5,-7.1,637,1.2,1553,
159,何魂,2018-12-29,-2.2,-5.5,659,2.1,1413,
159,何魂,2018-12-30,-.7,-5.2,633,5.6,1439,
159,何魂,2018-12-31,3.9,-.1,726,10.6,1234,0
159,何魂,2019-01-01,1,-1.9,621,5.5,1526,
159,何魂,2019-01-02,1.2,-2.5,723,6.4,1544,
159,何魂,2019-01-03,3,-1.7,702,8.4,1542,
159,何魂,2019-01-04,5,1.4,736,8.2,1135,
159,何魂,2019-01-05,5.5,2.2,2354,10.7,1450,
159,何魂,2019-01-06,4.4,1.3,733,10.7,1432,
159,何魂,2019-01-07,4.4,.7,723,9.5,1505,
159,何魂,2019-01-08,3.2,-.7,2359,8.2,1349,
159,何魂,2019-01-09,2.3,-2.6,655,7.6,1206,
159,何魂,2019-01-10,4.8,2.5,604,9,1435,
159,何魂,2019-01-11,6.2,.4,633,12.2,1300,
159,何魂,2019-01-12,6.2,4.7,915,8.3,151,.7
159,何魂,2019-01-13,6.8,3.2,641,12.5,1510,
159,何魂,2019-01-14,7.3,2.4,715,13.5,1357,
159,何魂,2019-01-15,5.6,1.4,2400,10.4,1352,
159,何魂,2019-01-16,0,-4.4,645,5.6,1634,
159,何魂,2019-01-17,2.4,-2,503,7.6,1630,
159,何魂,2019-01-18,5.5,1.1,358,10.8,1632,
159,何魂,2019-01-19,7.5,4.2,308,12.2,1256,.5
159,何魂,2019-01-20,5.5,.5,2354,10.6,1433,.2
159,何魂,2019-01-21,2.8,-2.3,701,7.9,1633,
159,何魂,2019-01-22,5.5,.9,441,10.6,1503,
159,何魂,2019-01-23,6.5,2.1,706,10.7,1520,
159,何魂,2019-01-24,5.7,1.5,710,11.6,1341,
159,何魂,2019-01-25,4.2,-.1,2354,7.9,1222,
159,何魂,2019-01-26,1,-2.6,647,6.3,1639,
159,何魂,2019-01-27,3.9,-.7,717,9,1537,
159,何魂,2019-01-28,5.3,2,439,10.9,1521,
159,何魂,2019-01-29,5.2,-.6,710,11.4,1447,
159,何魂,2019-01-30,8.6,5.4,744,13.7,1458,
159,何魂,2019-01-31,2.2,-1.5,2356,8.9,124,11.3
159,何魂,2019-02-01,.4,-4.2,626,5.5,1524,
159,何魂,2019-02-02,4.2,-1.3,533,8.3,1558,
159,何魂,2019-02-03,11.6,7.4,122,14.9,1423,21.4
159,何魂,2019-02-04,6.8,3.4,727,10.5,1242,
159,何魂,2019-02-05,8,2.5,712,13,1322,
159,何魂,2019-02-06,10.5,6.6,633,15.5,1330,
159,何魂,2019-02-07,8.3,1.5,2400,13.4,1301,0
159,何魂,2019-02-08,3.2,-1.4,646,9,1325,
159,何魂,2019-02-09,2.5,.2,2348,5.6,1256,
159,何魂,2019-02-10,4,-1.3,557,9.7,1325,0
159,何魂,2019-02-11,2.9,0,716,6.8,1615,
159,何魂,2019-02-12,4,-.5,528,9.4,1507,
159,何魂,2019-02-13,4.6,1.2,738,9,1518,
159,何魂,2019-02-14,5.2,2,45,11.3,1255,
159,何魂,2019-02-15,6.3,4,1,8.8,1435,1.3
159,何魂,2019-02-16,3.2,.4,2332,7.5,1435,
159,何魂,2019-02-17,3.2,-1.7,705,9.5,1554,
159,何魂,2019-02-18,6.5,2.2,502,10.5,1410,0
159,何魂,2019-02-19,7.1,5.4,2357,10.4,1340,28.8
159,何魂,2019-02-20,5.6,2,601,10.3,1607,
159,何魂,2019-02-21,6.9,1.5,722,12.7,1429,
159,何魂,2019-02-22,9,5.3,621,14.1,1330,
159,何魂,2019-02-23,9.2,6.5,2347,15.2,1250,
159,何魂,2019-02-24,9,4.6,559,13.8,1223,
159,何魂,2019-02-25,10.8,6.4,625,16.2,1145,
159,何魂,2019-02-26,10.9,6.5,653,16,1505,
159,何魂,2019-02-27,10.4,8.8,632,13,1449,0
159,何魂,2019-02-28,10.6,7.5,609,16.5,1206,0
159,何魂,2019-03-01,10.6,7,702,16.1,1310,
159,何魂,2019-03-02,10.7,7.1,657,15.5,1321,
159,何魂,2019-03-03,11.5,9.5,708,15.4,1149,
159,何魂,2019-03-04,11.4,8.8,558,16.9,1208,0
159,何魂,2019-03-05,12,7.9,242,16,1324,
159,何魂,2019-03-06,10.7,8.8,2051,13.8,1556,1.1
159,何魂,2019-03-07,9.7,7.3,705,14,1359,
159,何魂,2019-03-08,10.5,5.6,654,14.5,1201,
159,何魂,2019-03-09,11.8,7.4,619,15.4,1422,
159,何魂,2019-03-10,8.4,6.7,2357,12.2,34,29.7
159,何魂,2019-03-11,9.8,5.8,422,14.5,1325,0
159,何魂,2019-03-12,9.4,4.5,2358,14.8,1442,.1
159,何魂,2019-03-13,5.5,.5,638,11.4,1619,
159,何魂,2019-03-14,8,2.7,644,12.1,1451,
159,何魂,2019-03-15,8.2,3.6,2357,13.3,1501,4
159,何魂,2019-03-16,7.7,2.5,337,12.6,1422,
159,何魂,2019-03-17,9.9,5.4,545,15.4,1450,
159,何魂,2019-03-18,11.5,8.1,428,14.4,1149,
159,何魂,2019-03-19,13.9,9.2,658,19.3,1159,
159,何魂,2019-03-20,13.8,11.2,441,17.2,1159,33.7
159,何魂,2019-03-21,15.6,10.6,2353,21,1524,5.7
159,何魂,2019-03-22,9.4,5.4,650,14.4,1310,
159,何魂,2019-03-23,7,3.7,623,13.5,1423,
159,何魂,2019-03-24,6.9,2,548,11.1,1354,
159,何魂,2019-03-25,8.7,4.5,610,11.8,1500,
159,何魂,2019-03-26,13.6,7.2,358,20.7,1546,
159,何魂,2019-03-27,14.8,12.3,553,18.7,1248,
159,何魂,2019-03-28,12.8,10.7,2321,16.1,1126,
159,何魂,2019-03-29,13.9,10.5,15,17.1,1209,
159,何魂,2019-03-30,11.6,5.6,2349,16.1,1247,1.1
159,何魂,2019-03-31,7.7,4.4,556,13.5,1515,
159,何魂,2019-04-01,7.7,2.1,536,14.1,1417,
159,何魂,2019-04-02,9.4,4.5,602,15,1501,
159,何魂,2019-04-03,9.8,5.7,559,13.9,1137,
159,何魂,2019-04-04,12.1,6,532,17.4,1422,
159,何魂,2019-04-05,13.9,10.1,551,18,1641,
159,何魂,2019-04-06,14.4,10.4,622,18.4,1417,
159,何魂,2019-04-07,12.4,9.9,1949,15.9,1356,13.2
159,何魂,2019-04-08,13.1,9.5,2348,18.3,1325,
159,何魂,2019-04-09,11.2,8.4,2309,15.8,1311,8.3
159,何魂,2019-04-10,9.7,7.9,536,12.9,1350,6.9
159,何魂,2019-04-11,10.2,6.8,429,14.2,1114,
159,何魂,2019-04-12,11.8,7.4,424,16.4,1257,2.5
159,何魂,2019-04-13,13.5,9.2,440,17.2,1414,
159,何魂,2019-04-14,13.3,10.6,2355,15.6,1741,0
159,何魂,2019-04-15,12.7,7.9,534,17.9,1201,
159,何魂,2019-04-16,16,10.3,436,21.2,1054,
159,何魂,2019-04-17,18,14.3,525,23.4,1453,
159,何魂,2019-04-18,16.4,14.2,548,20,1357,
159,何魂,2019-04-19,13.8,10.1,2354,16.8,1009,
159,何魂,2019-04-20,14.4,9.7,556,18.2,1313,
159,何魂,2019-04-21,17.2,13.4,318,22,1247,
159,何魂,2019-04-22,17.1,14.1,558,22.2,1206,
159,何魂,2019-04-23,16.2,14.5,1,19.5,959,7.3
159,何魂,2019-04-24,16.8,15.1,2331,20.5,1559,16.1
159,何魂,2019-04-25,14.8,13,2350,16.3,1604,.1
159,何魂,2019-04-26,11.3,8.5,2350,13.1,1053,5.3
159,何魂,2019-04-27,12.1,8.1,540,16.3,1118,
159,何魂,2019-04-28,13.2,10.7,409,16.9,1402,
159,何魂,2019-04-29,13,12.1,841,13.8,1314,25.3
159,何魂,2019-04-30,15.6,13.1,36,18.9,1448,0
159,何魂,2019-05-01,17,14.3,523,20.8,1229,
159,何魂,2019-05-02,17.6,14.8,522,21.7,1550,
159,何魂,2019-05-03,19.1,15.3,507,23.1,947,
159,何魂,2019-05-04,19.1,15.1,601,23.6,1116,
159,何魂,2019-05-05,19.6,15.4,349,23.9,1656,
159,何魂,2019-05-06,16.6,12.8,2334,21.3,852,0
159,何魂,2019-05-07,15.2,11,459,20,1147,
159,何魂,2019-05-08,17.3,12.9,402,21.6,1255,
159,何魂,2019-05-09,18.6,16,220,22.9,1056,
159,何魂,2019-05-10,19,16,208,23.8,1523,
159,何魂,2019-05-11,19.5,14.3,511,24.4,1210,
159,何魂,2019-05-12,20.2,15.9,2344,25.8,1320,
159,何魂,2019-05-13,17.8,14.8,519,20.7,1404,
159,何魂,2019-05-14,20.5,17.2,1,24.7,1051,0
159,何魂,2019-05-15,21.6,18.7,527,25.7,1243,
159,何魂,2019-05-16,21.7,18,449,26.7,1532,
159,何魂,2019-05-17,21.1,17.8,447,23.7,1059,0
159,何魂,2019-05-18,17.7,16.5,1551,20.4,1,37.1
159,何魂,2019-05-19,19.4,18,1624,21.9,1021,8.4
159,何魂,2019-05-20,19,14.1,2358,23.3,1606,1.1
159,何魂,2019-05-21,17.9,12.2,511,22.3,1143,
159,何魂,2019-05-22,19.7,15.8,610,24.6,1334,
159,何魂,2019-05-23,19.3,16.2,145,26.1,1428,
159,何魂,2019-05-24,20.9,16.2,7,25.4,947,
159,何魂,2019-05-25,23.4,19.2,2220,30.1,1258,
159,何魂,2019-05-26,22,18.5,322,25.7,1328,
159,何魂,2019-05-27,19.3,18.4,1230,20.9,14,28.4
159,何魂,2019-05-28,18,15.1,601,22.5,1413,
159,何魂,2019-05-29,20.6,14,447,25.4,1144,
159,何魂,2019-05-30,22.5,17.8,532,26.9,1222,
159,何魂,2019-05-31,18.4,14.9,703,22.9,38,1.1
159,何魂,2019-06-01,19.8,16.2,513,24.8,1404,
159,何魂,2019-06-02,20.9,17.4,2358,24.6,1004,
159,何魂,2019-06-03,21.3,17.4,1,25.6,1326,
159,何魂,2019-06-04,23.4,19.2,1,26.5,1411,
159,何魂,2019-06-05,23.9,20.4,507,29.7,957,
159,何魂,2019-06-06,22.1,17.8,2347,27,1409,28
159,何魂,2019-06-07,18.7,16.8,25,20,1557,45.7
159,何魂,2019-06-08,19.1,17,2357,22.2,1410,
159,何魂,2019-06-09,18.5,16.4,221,22.1,1242,
159,何魂,2019-06-10,18.8,15.8,448,22.7,959,
159,何魂,2019-06-11,18.5,16.1,521,22.1,958,0
159,何魂,2019-06-12,19.1,16.9,331,22.3,1429,
159,何魂,2019-06-13,19.6,15.5,442,23,1329,
159,何魂,2019-06-14,19.6,17.2,2129,23.7,1253,9.2
159,何魂,2019-06-15,20.6,17.2,234,25.3,1207,1
159,何魂,2019-06-16,20.1,17.7,304,23.4,910,
159,何魂,2019-06-17,20.8,17.6,517,24.6,1515,
159,何魂,2019-06-18,21.7,19.5,230,24.8,1232,.2
159,何魂,2019-06-19,23.4,19.3,513,27.3,1425,
159,何魂,2019-06-20,24.3,21.6,439,27.5,1002,
159,何魂,2019-06-21,23.3,21,2357,26.8,1409,
159,何魂,2019-06-22,21.3,19.1,544,25,1103,
159,何魂,2019-06-23,20.9,18.4,502,24.8,1457,
159,何魂,2019-06-24,20.9,18,511,24.5,955,
159,何魂,2019-06-25,21.9,18.5,145,26.8,1708,
159,何魂,2019-06-26,20.9,19.6,200,21.8,1940,112.5
159,何魂,2019-06-27,22.4,20.7,2311,24.4,1245,36.5
159,何魂,2019-06-28,22.2,20.8,1,25.5,1514,
159,何魂,2019-06-29,21.4,20,1329,23.7,1931,91
159,何魂,2019-06-30,23.3,21.3,519,28.1,1154,.2
159,何魂,2019-07-01,23.1,21.3,227,27.8,1020,0
159,何魂,2019-07-02,23.4,20.9,2221,26.4,1134,
159,何魂,2019-07-03,21.9,20.4,245,24.1,1413,
159,何魂,2019-07-04,24.2,19.8,126,28.3,1036,
159,何魂,2019-07-05,23.8,20.6,510,26.9,1152,
159,何魂,2019-07-06,24.3,20.7,421,28.9,1141,
159,何魂,2019-07-07,23,20.8,2328,26.5,1140,
159,何魂,2019-07-08,22.2,20.5,327,26.9,1253,0
159,何魂,2019-07-09,22.2,20.2,324,26.1,1148,
159,何魂,2019-07-10,21.7,20.7,216,22.7,846,35.1
159,何魂,2019-07-11,23.8,21.6,618,27.2,1523,4.5
159,何魂,2019-07-12,24.1,21.5,303,28.9,1237,
159,何魂,2019-07-13,22.3,21,2351,23.5,1735,0
159,何魂,2019-07-14,23.6,20.6,118,26.8,1227,
159,何魂,2019-07-15,23.6,21.8,153,26.6,1231,
159,何魂,2019-07-16,23.8,21,523,27.1,1325,
159,何魂,2019-07-17,23.8,21.2,522,27.8,1319,2.8
159,何魂,2019-07-18,22.3,21.2,713,23,1704,38.5
159,何魂,2019-07-19,23.1,22.7,1,23.7,1702,57.7
159,何魂,2019-07-20,23.4,23,9,23.9,759,172.2
159,何魂,2019-07-21,23.6,22.2,652,26,1634,38.4
159,何魂,2019-07-22,25.8,22.9,122,29.1,1720,
159,何魂,2019-07-23,26.6,24.9,433,29.9,1532,
159,何魂,2019-07-24,26,24.6,516,29.3,1350,0
159,何魂,2019-07-25,25.6,24.9,447,27.7,1241,.1
159,何魂,2019-07-26,25.8,24.7,354,26.8,1104,0
159,何魂,2019-07-27,25.9,24.7,321,26.9,1111,7.3
159,何魂,2019-07-28,26.9,25.7,630,29.1,1511,
159,何魂,2019-07-29,27,25.2,159,30.3,1501,2.3
159,何魂,2019-07-30,27.7,25.5,208,30.5,1441,
159,何魂,2019-07-31,28,26.2,317,30.9,1243,
159,何魂,2019-08-01,28.1,25.6,522,31.3,1712,
159,何魂,2019-08-02,29.4,26.7,551,33,1436,
159,何魂,2019-08-03,28.9,26.3,412,32.7,1424,
159,何魂,2019-08-04,28.8,26.4,453,32.2,1433,
159,何魂,2019-08-05,28.8,26.1,224,32.8,1459,
159,何魂,2019-08-06,25.8,23.2,1954,29.8,1050,72.5
159,何魂,2019-08-07,27.5,23.4,123,30.9,1719,1.2
159,何魂,2019-08-08,28.7,25.9,421,32.5,1323,
159,何魂,2019-08-09,28.9,26.6,529,32.5,1416,
159,何魂,2019-08-10,28.3,26,413,32.3,1410,
159,何魂,2019-08-11,28,26.3,527,30.6,1053,
159,何魂,2019-08-12,29.3,27,202,31.9,1232,
159,何魂,2019-08-13,30.6,27.1,531,35,1529,
159,何魂,2019-08-14,29.4,26.5,2235,33.3,1357,.2
159,何魂,2019-08-15,27.4,26.7,1345,28.5,908,6.2
159,何魂,2019-08-16,28.2,26.3,313,31.6,1304,
159,何魂,2019-08-17,27.2,24.5,553,29.9,1126,
159,何魂,2019-08-18,27.3,25.2,605,29.8,1143,
159,何魂,2019-08-19,27.2,25.2,240,30.2,1418,
159,何魂,2019-08-20,26.8,25.1,2332,30.3,1128,
159,何魂,2019-08-21,26.6,25,25,29.4,1351,23
159,何魂,2019-08-22,26.1,25,306,27.3,1738,45.1
159,何魂,2019-08-23,25.5,23.5,2347,28.2,1510,0
159,何魂,2019-08-24,25,21.6,554,28.3,1342,0
159,何魂,2019-08-25,24.3,22.7,335,27.6,1513,0
159,何魂,2019-08-26,25.2,21.8,537,28.8,1111,
159,何魂,2019-08-27,23.5,22.2,629,25.1,956,4.7
159,何魂,2019-08-28,24.1,22.7,49,26.3,1405,2.2
159,何魂,2019-08-29,23.1,22.1,2350,24.3,1153,1.2
159,何魂,2019-08-30,24.6,20.3,609,28.9,1345,
159,何魂,2019-08-31,24.4,21,527,28.3,1252,
159,何魂,2019-09-01,23.7,21.4,2139,27.7,1227,2.3
159,何魂,2019-09-02,21.4,20.2,1156,22.9,1617,40.4
159,何魂,2019-09-03,23,21.9,27,25.8,1307,5.8
159,何魂,2019-09-04,24.5,22,345,26.8,1523,1.3
159,何魂,2019-09-05,26.5,24,554,29.3,1037,
159,何魂,2019-09-06,27,25.6,314,28.8,1545,0
159,何魂,2019-09-07,26,24.1,2256,27.3,840,12.3
159,何魂,2019-09-08,25.3,23.5,507,29.1,1454,1.3
159,何魂,2019-09-09,27,23.9,543,30.5,1005,
159,何魂,2019-09-10,26.7,25.2,534,29.2,1432,
159,何魂,2019-09-11,25.1,23.3,2256,29.2,1137,13.4
159,何魂,2019-09-12,21.6,19.9,1916,23.6,1533,3.9
159,何魂,2019-09-13,23.2,20.5,626,27.4,1357,
159,何魂,2019-09-14,23.8,20.1,547,27.7,1315,
159,何魂,2019-09-15,24.9,21.5,2350,29.3,1318,
159,何魂,2019-09-16,23.4,20.2,542,28,1156,
159,何魂,2019-09-17,22.9,19.6,403,28.1,1500,
159,何魂,2019-09-18,22.9,19.6,340,28.2,1350,
159,何魂,2019-09-19,21.6,18.7,2344,25.6,1329,
159,何魂,2019-09-20,21.5,18,509,26.5,1218,.3
159,何魂,2019-09-21,18.2,17.2,1649,20.6,1,30.4
159,何魂,2019-09-22,18.2,17.1,1818,19.1,1107,81.6
159,何魂,2019-09-23,17.9,16.7,630,20.7,1315,2.5
159,何魂,2019-09-24,19.4,15.8,450,24.2,1506,
159,何魂,2019-09-25,20.4,15.8,604,25.4,1339,
159,何魂,2019-09-26,22.9,19.1,518,27.8,1330,
159,何魂,2019-09-27,22.1,20.6,404,26.1,1132,15.3
159,何魂,2019-09-28,22.4,21.3,1,26.1,1048,68.2
159,何魂,2019-09-29,23.9,21.3,441,28.8,1215,
159,何魂,2019-09-30,24.1,22.5,543,27.7,1424,0
159,何魂,2019-10-01,22.4,21.6,2350,23.3,1208,9.8
159,何魂,2019-10-02,22.7,21.6,652,23.8,2235,94.8
159,何魂,2019-10-03,24.6,22.3,514,28.8,1421,1.8
159,何魂,2019-10-04,22.9,20.2,558,25.8,1202,
159,何魂,2019-10-05,21.7,18.5,2337,26.4,1305,1.2
159,何魂,2019-10-06,18.7,16.4,2253,22.8,1511,
159,何魂,2019-10-07,18.3,16.4,29,21.2,1223,1.4
159,何魂,2019-10-08,18.9,16,549,24,1606,
159,何魂,2019-10-09,17.5,12.6,626,23.2,1307,
159,何魂,2019-10-10,19.4,14.1,611,24.5,1339,
159,何魂,2019-10-11,21.1,16.7,550,27,1409,
159,何魂,2019-10-12,19.9,16.5,2400,24.5,1106,
159,何魂,2019-10-13,18,15.1,552,23,1218,
159,何魂,2019-10-14,18.3,14.3,638,23,1240,
159,何魂,2019-10-15,15.6,13.4,2358,18.9,1427,
159,何魂,2019-10-16,16.2,12.5,424,21.4,1300,
159,何魂,2019-10-17,17.1,14.1,216,21.2,1152,
159,何魂,2019-10-18,16.8,15.5,742,17.7,1300,29.5
159,何魂,2019-10-19,19.1,15.8,659,24,1439,
159,何魂,2019-10-20,18.7,14.9,634,23.6,1317,
159,何魂,2019-10-21,18.6,15.2,304,23.7,1311,
159,何魂,2019-10-22,19,16.1,118,23.8,1208,0
159,何魂,2019-10-23,18,16.3,2352,20.8,1401,1.4
159,何魂,2019-10-24,18.4,16.4,1,21.2,1414,0
159,何魂,2019-10-25,19.6,16.8,422,24.9,1401,
159,何魂,2019-10-26,17.5,13.9,2356,21.4,1443,
159,何魂,2019-10-27,14,10.4,636,18.7,1356,
159,何魂,2019-10-28,15.4,10.7,620,19.9,1228,
159,何魂,2019-10-29,16.4,13.3,631,21.2,1449,
159,何魂,2019-10-30,14.6,10.6,644,20.4,1511,
159,何魂,2019-10-31,16.2,11,504,22.4,1348,
159,何魂,2019-11-01,17.5,13.4,714,24,1316,
159,何魂,2019-11-02,17.5,14.4,521,22.6,1211,
159,何魂,2019-11-03,16.4,14,2333,22.3,1403,2.3
159,何魂,2019-11-04,14.3,12.3,2216,19.7,1316,
159,何魂,2019-11-05,15.2,10.8,623,20.7,1510,
159,何魂,2019-11-06,15.8,11.7,708,21.3,1152,
159,何魂,2019-11-07,14.4,11.7,434,19.2,1522,
159,何魂,2019-11-08,13.8,10.7,711,19,1520,
159,何魂,2019-11-09,14.3,9,700,20.2,1257,
159,何魂,2019-11-10,14.3,10,600,18.3,1206,1.7
159,何魂,2019-11-11,14.8,11.8,512,19.7,1416,
159,何魂,2019-11-12,14.2,10.9,648,19.1,1202,
159,何魂,2019-11-13,13.9,9.9,639,16.3,1319,
159,何魂,2019-11-14,7.6,4.8,2138,14.4,1,
159,何魂,2019-11-15,11.2,5.6,539,16.4,1418,
159,何魂,2019-11-16,15.1,11.1,659,19.8,1329,
159,何魂,2019-11-17,16.3,12.3,519,19.1,1451,2
159,何魂,2019-11-18,13.2,6.7,2351,19.5,345,6.8
159,何魂,2019-11-19,6.7,3.8,2353,10.8,1328,
159,何魂,2019-11-20,6.2,2,646,12.4,1357,
159,何魂,2019-11-21,10.6,4,620,16.3,1248,
159,何魂,2019-11-22,14.5,10.1,517,20.3,1223,
159,何魂,2019-11-23,15.5,12.2,354,20.5,1309,
159,何魂,2019-11-24,16,13.4,1,18.9,1337,1
159,何魂,2019-11-25,11.6,9.5,2333,16.6,2,
159,何魂,2019-11-26,11.4,8.8,735,16.7,1218,
159,何魂,2019-11-27,10.1,8.8,436,11.7,1101,
159,何魂,2019-11-28,9,6.3,2349,12.9,1408,0
159,何魂,2019-11-29,8.4,5,626,14,1506,
159,何魂,2019-11-30,11.1,6.5,114,15.7,1449,
159,何魂,2019-12-01,9.5,6.5,2206,12.1,50,33.3
159,何魂,2019-12-02,6.6,2.6,2355,10.5,1445,2.5
159,何魂,2019-12-03,4.6,.3,505,9.2,1417,
159,何魂,2019-12-04,7.2,4.6,404,11.3,1359,
159,何魂,2019-12-05,4.6,0,2359,9.6,1311,
159,何魂,2019-12-06,.2,-2.8,545,4.7,1610,
159,何魂,2019-12-07,3.6,-2.2,420,9.7,1520,
159,何魂,2019-12-08,6.1,2.4,453,12,1351,
159,何魂,2019-12-09,7.8,3.7,27,13.4,1410,
159,何魂,2019-12-10,11.5,6.8,543,16.3,1407,
159,何魂,2019-12-11,12.1,5.8,2358,16.6,1334,
159,何魂,2019-12-12,4.9,2.2,709,9.3,1552,
159,何魂,2019-12-13,6.8,2.3,133,10.5,1312,
159,何魂,2019-12-14,8.5,6.2,544,12.7,1513,
159,何魂,2019-12-15,9.1,6.8,728,14.5,1255,
159,何魂,2019-12-16,10.8,6.3,536,16.4,1323,
159,何魂,2019-12-17,12.8,9.1,214,16.6,1447,0
159,何魂,2019-12-18,10.4,8,733,15.7,1513,
159,何魂,2019-12-19,6.6,3.6,2333,12.2,1328,
159,何魂,2019-12-20,5,1.2,456,9.4,1324,
159,何魂,2019-12-21,4.3,1.7,723,6.3,1128,
159,何魂,2019-12-22,6.5,4.2,8,10,1601,
159,何魂,2019-12-23,8.2,5,630,12.9,1333,
159,何魂,2019-12-24,7.7,3,654,14.3,1440,
159,何魂,2019-12-25,10.7,5.4,724,16.3,1548,
159,何魂,2019-12-26,7.8,4,2357,12.2,1102,1.7
159,何魂,2019-12-27,3.6,.4,719,9,1437,
159,何魂,2019-12-28,4.1,-.3,736,9.4,1408,
159,何魂,2019-12-29,6.5,2.6,403,9.5,1438,11.4
159,何魂,2019-12-30,9.6,7.1,2359,14,1421,1.4
159,何魂,2019-12-31,.1,-2.5,2357,7.1,1,
159,何魂,2020-01-01,1.9,-3.2,134,7.8,1418,
159,何魂,2020-01-02,4.1,.5,425,9.6,1417,
159,何魂,2020-01-03,5.9,2.3,521,11.6,1426,
159,何魂,2020-01-04,5.5,2,709,9.7,1441,
159,何魂,2020-01-05,7.4,2.6,452,13.5,1333,
159,何魂,2020-01-06,7.8,5.5,149,9,1256,10.7
159,何魂,2020-01-07,14.4,9,1,17.7,1621,26.3
159,何魂,2020-01-08,8.8,4.9,2348,15,1,0
159,何魂,2020-01-09,5.3,2.3,718,9.8,1350,
159,何魂,2020-01-10,5.9,.9,646,12.3,1406,
159,何魂,2020-01-11,5.9,1.9,752,10.5,1553,
159,何魂,2020-01-12,4.6,2,759,8.8,1540,
159,何魂,2020-01-13,3.5,1,719,8.1,1543,
159,何魂,2020-01-14,2.1,-.3,617,5.5,1512,
159,何魂,2020-01-15,2.4,-.4,731,7,1520,
159,何魂,2020-01-16,3.8,-.3,442,9.5,1411,
159,何魂,2020-01-17,6.4,3.2,724,11.8,1408,
159,何魂,2020-01-18,5.3,1.4,715,9.8,1328,2.6
159,何魂,2020-01-19,4.9,2.1,610,9.4,1429,
159,何魂,2020-01-20,5.1,1.6,747,9.8,1540,
159,何魂,2020-01-21,5,.1,728,10.3,1424,
159,何魂,2020-01-22,7.7,4.8,5,9.3,1518,9.6
159,何魂,2020-01-23,8.8,8.1,2255,10.1,1322,4.9
159,何魂,2020-01-24,10.2,5.9,747,15.9,1336,
159,何魂,2020-01-25,9.1,8,2354,11.6,1235,0
159,何魂,2020-01-26,9.5,7.4,721,13.8,1107,0
159,何魂,2020-01-27,6.7,4.8,1652,10,43,73.3
159,何魂,2020-01-28,8.9,6,1,13.1,1135,.3
159,何魂,2020-01-29,8.5,6.6,2300,13,1204,0
159,何魂,2020-01-30,7.1,4.2,2354,12.9,1226,0
159,何魂,2020-01-31,6.3,2.3,552,11.2,1149,
159,何魂,2020-02-01,5.6,1.5,730,10.4,1409,
159,何魂,2020-02-02,7.1,3.3,546,11.7,1358,
159,何魂,2020-02-03,5.6,2.4,735,10.4,1512,
159,何魂,2020-02-04,5.2,.3,731,10.1,1422,
159,何魂,2020-02-05,1.8,-2.4,2357,5,1327,
159,何魂,2020-02-06,1.2,-5,534,7.1,1402,
159,何魂,2020-02-07,5,2.1,2357,10.4,1410,
159,何魂,2020-02-08,4.1,.4,451,9.4,1503,
159,何魂,2020-02-09,3.8,-.7,646,8.9,1529,
159,何魂,2020-02-10,6.3,.7,440,12.2,1529,
159,何魂,2020-02-11,9.7,4.4,629,14.5,1203,
159,何魂,2020-02-12,11.7,9.9,654,14.1,1456,32.7
159,何魂,2020-02-13,11.4,8.1,654,16.2,1602,
159,何魂,2020-02-14,12.3,9.2,142,18.1,1252,
159,何魂,2020-02-15,12.8,9.7,231,17.3,1405,
159,何魂,2020-02-16,7,.8,2336,13.7,531,4.1
159,何魂,2020-02-17,.1,-3,2343,3,1606,
159,何魂,2020-02-18,1.2,-4.5,650,7.9,1543,
159,何魂,2020-02-19,6.1,.1,526,12.5,1309,
159,何魂,2020-02-20,9.3,4.6,718,14.7,1212,
159,何魂,2020-02-21,11,5.5,607,16,1341,4.1
159,何魂,2020-02-22,9.5,5.1,2354,12.9,1423,.7
159,何魂,2020-02-23,6,1.1,706,11.7,1429,
159,何魂,2020-02-24,10.8,5.5,723,15.7,1459,0
159,何魂,2020-02-25,9.7,7.9,1859,12.7,710,49.8
159,何魂,2020-02-26,9.5,6.8,2358,14.1,1303,1.8
159,何魂,2020-02-27,6.8,4.7,2229,10.7,1153,1.5
159,何魂,2020-02-28,6.9,4.8,403,8.9,1419,.2
159,何魂,2020-02-29,9.5,7,1,13,1509,
159,何魂,2020-03-01,10.8,7.2,312,15.6,1147,
159,何魂,2020-03-02,8.5,5.2,649,14.7,1457,
159,何魂,2020-03-03,8.7,5.6,343,12.6,1106,
159,何魂,2020-03-04,7.9,1.7,2352,13,1338,
159,何魂,2020-03-05,5.1,-.3,546,11.5,1521,
159,何魂,2020-03-06,8.1,3.2,616,12.6,1219,
159,何魂,2020-03-07,8.2,6.1,458,11.8,1428,7
159,何魂,2020-03-08,10.4,5.5,423,16.4,1218,
159,何魂,2020-03-09,11,7.4,452,15.2,1222,11
159,何魂,2020-03-10,9.9,7.3,2354,12.1,925,13.9
159,何魂,2020-03-11,7.8,3.6,521,13.5,1521,
159,何魂,2020-03-12,9.5,3.6,640,14.5,1242,
159,何魂,2020-03-13,11.6,8.5,418,17,1407,
159,何魂,2020-03-14,8.2,4.7,656,12,1543,
159,何魂,2020-03-15,7.7,2.9,2359,12.7,1305,0
159,何魂,2020-03-16,6.6,1.1,624,11.8,1205,
159,何魂,2020-03-17,11.1,6,640,15.9,1445,
159,何魂,2020-03-18,12.2,7.7,656,17.3,1314,
159,何魂,2020-03-19,12.6,7.4,2340,18.2,1521,
159,何魂,2020-03-20,10.4,6.4,629,14.8,1410,
159,何魂,2020-03-21,13.7,9.8,416,17.9,1328,
159,何魂,2020-03-22,14.1,11,1902,17.5,1218,
159,何魂,2020-03-23,12.6,8.8,519,17.1,1523,
159,何魂,2020-03-24,11.5,8.6,446,15.3,1250,
159,何魂,2020-03-25,13,7.6,608,17.9,1309,
159,何魂,2020-03-26,14.5,12.1,215,16.3,2308,24.6
159,何魂,2020-03-27,13.7,9.7,2356,16.8,1337,1.9
159,何魂,2020-03-28,9.4,7.7,2342,13,1123,.4
159,何魂,2020-03-29,10.4,6.4,625,15.1,1056,
159,何魂,2020-03-30,11.6,8.6,606,15.7,1322,
159,何魂,2020-03-31,12.9,8.5,515,18,1257,
159,何魂,2020-04-01,12.5,10.8,631,17.1,1354,2.7
159,何魂,2020-04-02,11.5,7.2,248,16.2,1132,
159,何魂,2020-04-03,13.8,9.6,631,19.1,1150,
159,何魂,2020-04-04,12.8,8.5,2400,19.6,1348,
159,何魂,2020-04-05,9.7,5.6,606,14.1,1119,
159,何魂,2020-04-06,11.7,7.3,617,15.1,1148,
159,何魂,2020-04-07,14.5,9.5,557,20.6,1322,
159,何魂,2020-04-08,13.3,9.2,2348,19.1,1312,
159,何魂,2020-04-09,11.8,8,428,18,1445,
159,何魂,2020-04-10,10,8.3,2335,12.2,1626,0
159,何魂,2020-04-11,10.5,7.9,352,14.2,1139,2.9
159,何魂,2020-04-12,9,7.2,2148,11.9,1345,12
159,何魂,2020-04-13,10.1,6.8,537,15.5,1717,0
159,何魂,2020-04-14,15.1,8.8,38,21.1,1300,
159,何魂,2020-04-15,14.5,12,613,18.4,1136,
159,何魂,2020-04-16,12.9,10.5,322,16.7,1100,
159,何魂,2020-04-17,12.2,11.3,446,13.1,2036,32.6
159,何魂,2020-04-18,13.9,10.2,600,20.6,1403,
159,何魂,2020-04-19,11.8,10.5,2145,14.7,1151,33.2
159,何魂,2020-04-20,14,10.1,359,18.1,1213,.1
159,何魂,2020-04-21,12.2,8.1,2357,18.8,1415,
159,何魂,2020-04-22,9.3,5.1,519,16,1503,
159,何魂,2020-04-23,10.3,4.4,557,16.9,1445,
159,何魂,2020-04-24,11.1,6.1,549,14.7,1142,
159,何魂,2020-04-25,14.8,10.1,531,18.3,1521,
159,何魂,2020-04-26,14.2,10.4,2355,21.3,1507,
159,何魂,2020-04-27,13.7,9.5,325,19.5,1308,
159,何魂,2020-04-28,14.3,9.5,550,20.9,1327,
159,何魂,2020-04-29,16.2,11.4,455,24.4,1229,
159,何魂,2020-04-30,16.9,13,519,20.1,1358,
159,何魂,2020-05-01,19.5,16.7,156,22.7,1208,
159,何魂,2020-05-02,18.7,17,344,21.8,1013,1.1
159,何魂,2020-05-03,16.8,16.2,1053,17.9,5,21.3
159,何魂,2020-05-04,19,15.8,2344,25,1143,
159,何魂,2020-05-05,15.9,14.2,2259,18.5,1150,
159,何魂,2020-05-06,17.9,14,2345,21.8,913,
159,何魂,2020-05-07,16.5,12.5,513,21,1227,
159,何魂,2020-05-08,17.4,12.3,526,21.1,1424,
159,何魂,2020-05-09,16.4,14.8,1027,18.6,39,50.8
159,何魂,2020-05-10,17.6,14.7,623,20.6,1513,
159,何魂,2020-05-11,18.8,15.3,503,25.4,1117,
159,何魂,2020-05-12,18.2,15.6,2357,21.4,1142,
159,何魂,2020-05-13,17.9,12.5,549,22.8,1336,
159,何魂,2020-05-14,20.1,16.4,358,25.4,1109,
159,何魂,2020-05-15,16.3,14.3,1541,18.8,615,14.8
159,何魂,2020-05-16,18.2,16.1,2222,24.4,1301,.6
159,何魂,2020-05-17,18.2,15.9,56,21.6,1546,
159,何魂,2020-05-18,17.3,16.4,520,19.8,1614,4.5
159,何魂,2020-05-19,15.6,13.3,548,19,1547,2.1
159,何魂,2020-05-20,15.2,12.2,524,19.4,1051,
159,何魂,2020-05-21,14.9,13.2,343,18.1,1118,
159,何魂,2020-05-22,15.4,12.2,451,18.7,1317,
159,何魂,2020-05-23,16.8,12.8,519,20.9,1431,
159,何魂,2020-05-24,19.1,14.6,439,22.5,1141,
159,何魂,2020-05-25,19.4,16.8,2220,23.2,1043,
159,何魂,2020-05-26,19,16.6,2214,22.2,1447,
159,何魂,2020-05-27,19.4,16.4,2354,26,1237,
159,何魂,2020-05-28,19.2,15.2,505,25.1,1059,
